short_name,full_name,type,width,length,area,solidity,asymmetry
AMA,amazona,ipadu,3.1961357106054793,7.164941641124422,15.486239181701421,0.9915632073375167,0.012967937634547393
AMA,amazona,ipadu,3.0019650533513813,6.005968235968895,12.381547794408107,0.9913172792265412,0.000235401
AMA,amazona,ipadu,3.435120070452495,6.970796167970265,16.668205391526044,0.9967029579642556,0.000597641
AMA,amazona,ipadu,3.3278670608061267,6.829744868541156,15.665321218466033,0.9930746892323568,0.001737158
AMA,amazona,ipadu,3.661304333658693,7.301318520218576,18.72201793231352,0.9967832377161285,0.000810162
AMA,amazona,ipadu,3.800716036870547,7.758953544741141,20.13235700722089,0.9936431008067925,0.001014547
AMA,amazona,ipadu,3.4215762650936385,7.0942090142815815,16.46233113915332,0.9941657800681727,0.000194805
AMA,amazona,ipadu,4.071551643657549,8.369511341289368,23.32575866316938,0.9959617948800487,0.000935537
AMA,amazona,ipadu,3.8178991699241855,7.640647086492237,20.381455326811192,0.9964633309862108,0.000883122
AMA,amazona,ipadu,2.9955052775939786,6.298488887834799,13.223350443938216,0.9935144063873158,0.000812219
AMA,amazona,ipadu,3.4947787143607973,7.213312825358156,17.481375608683265,0.9963396941785803,0.000750905
AMA,amazona,ipadu,3.631646727,7.530421008,18.109384821095773,0.991249825,0.00050283
AMA,amazona,ipadu,3.2771129733490465,6.687045772215692,15.472915880255186,0.9964054727671657,0.000135832
AMA,amazona,ipadu,3.521013328324762,7.604236110133943,18.465830232265944,0.989774838,0.001946763
AMA,amazona,ipadu,3.745952620377361,7.285542136036237,19.084734621320877,0.9950408982848236,0.00032142
AMA,amazona,ipadu,3.640737345070862,8.023785299228742,20.162980220514328,0.9912902970461906,0.000510809
AMA,amazona,ipadu,3.7459063831873554,7.2838183579608895,18.27474824219371,0.9954682749595875,0.000307792
AMA,amazona,ipadu,3.1096708895504133,6.342419785583167,13.33084153231539,0.9913293716695974,0.000503972
AMA,amazona,ipadu,3.5101958310060253,7.796829707690071,18.473648064125882,0.9912326123223202,0.000137764
BOB,boliviana blanca,ipadu,3.273511417963906,7.109886416643204,15.416871859170897,0.9888497588190874,0.000252858
BOB,boliviana blanca,ipadu,2.9932354824993945,6.685996281982074,13.142869258412247,0.9884414461407116,0.0004149
BOB,boliviana blanca,ipadu,3.052645386837354,6.547089950451294,13.122766660466823,0.9830196816464267,0.000246765
BOB,boliviana blanca,ipadu,3.5156888817775096,7.218109998283753,16.893945746405734,0.9847788847150084,0.000348858
BOB,boliviana blanca,ipadu,3.4232611601116307,7.675667796859495,17.17531934954559,0.9834539422824972,0.000456325
BOB,boliviana blanca,ipadu,3.837740655984536,8.541256630596504,21.624055234113257,0.9893244865358503,0.000178188
BOB,boliviana blanca,ipadu,3.6703629921789673,8.051479105646813,20.542557502189084,0.9921955144606295,0.00077771
BOB,boliviana blanca,ipadu,3.3521544451667467,7.358231723260484,16.107526571594462,0.9858825138453793,0.000231845
BOB,boliviana blanca,ipadu,3.8380995937290727,8.554398337192563,22.389663214039047,0.9942588942709562,0.000297981
BOB,boliviana blanca,ipadu,3.697775094915116,9.078969675100142,22.77133012754348,0.9904376966359221,0.000380917
BOB,boliviana blanca,ipadu,2.541243393767761,5.2486209127667935,8.878248908460137,0.9853298049424134,0.001926848
BOB,boliviana blanca,ipadu,2.9281964612636493,5.377907310880168,10.988097722174189,0.9876450348737754,0.00032293
BOB,boliviana blanca,ipadu,2.9952286241013715,6.791204004087703,14.246807561038167,0.9930834684910844,0.000506826
BOB,boliviana blanca,ipadu,2.769147917272833,6.4797560713185955,11.98906895804339,0.9837338348181015,0.001179063
BOB,boliviana blanca,ipadu,3.168015490827793,6.791369509937035,14.452668756640378,0.9861259722847295,0.001368321
BOB,boliviana blanca,ipadu,3.572504030919877,7.424828800885683,17.831591450716132,0.9941878089756779,0.000171509
BOB,boliviana blanca,ipadu,3.5537491921557027,7.743367971419019,18.61575459398273,0.9940307929520995,0.001283234
BOB,boliviana blanca,ipadu,4.018594278280189,8.445329535992181,23.397232597612856,0.9949923007905412,0.001618358
BOB,boliviana blanca,ipadu,3.167240424577491,6.7918436878219985,14.093593465903268,0.9825958555712535,0.000273663
BOB,boliviana blanca,ipadu,3.695282550485998,8.199034387,20.239757541583458,0.9909226767339689,0.000923484
BRO,boliviana rojo,coca,2.9659477520620063,6.791833687557682,14.028556475361711,0.9925928164806977,0.001224414
BRO,boliviana rojo,coca,3.8712262233469286,7.592378474188928,20.163244359365763,0.9945681977331119,0.000410693
BRO,boliviana rojo,coca,3.522315266833874,8.162879935477616,19.841081644869973,0.9965587278835358,0.000632019
BRO,boliviana rojo,coca,3.161347043915205,6.3414192198253945,13.779927706779745,0.9880885010950944,0.000762574
BRO,boliviana rojo,coca,3.6468290762472595,8.426200447465959,21.64849619932329,0.9951558189663952,0.001010806
BRO,boliviana rojo,coca,3.505724316,7.722415814378783,18.931371798585587,0.9954353041168167,0.001431745
BRO,boliviana rojo,coca,3.1971349999981005,6.7910422931971475,14.587422945985509,0.9883367809096714,0.002927759
BRO,boliviana rojo,coca,3.5590334795338023,7.988028179989655,19.470540700085166,0.9959994370591767,0.000555031
BRO,boliviana rojo,coca,3.5184053172354837,7.462011135173029,18.675973058622276,0.9963840783254233,0.000247216
BRO,boliviana rojo,coca,3.3083669479556805,7.5293562568830925,17.33233455520758,0.9938311698150387,0.000206749
BRO,boliviana rojo,coca,2.6765588666646156,5.7714302896303185,10.88114170324343,0.9942092850692477,0.000950964
BRO,boliviana rojo,coca,3.379304966171123,6.511055005044751,15.288922710240058,0.995213539,0.000339971
BRO,boliviana rojo,coca,3.440923404926645,7.470899320677976,18.032618298592297,0.9962944001983226,0.001470344
BRO,boliviana rojo,coca,3.251279141340322,6.793447982,15.393625186780355,0.9896914310773233,0.000465491
BRO,boliviana rojo,coca,3.240142898010137,7.424442227366992,16.90448417412881,0.9948644163335965,0.001201275
BRO,boliviana rojo,coca,2.921699818462983,6.547601760375489,13.167239208122737,0.9927544419278558,0.000318128
BRO,boliviana rojo,coca,3.307289500811331,7.8827798886195675,18.28059361593978,0.9955053319709152,0.000133564
BRO,boliviana rojo,coca,3.148248172511175,6.775122198315378,14.58953072028271,0.9919253706035169,0.0010092
BRO,boliviana rojo,coca,3.0234122432569874,6.658732588659415,14.158673179340894,0.9908459843550605,0.001330982
BRO,boliviana rojo,coca,3.248972260661291,6.642694783382956,15.038327016856783,0.9944008942928959,0.00012389
CHA,chiparra,coca,3.248555815490138,5.578548983068464,11.999936192056339,0.9881259756970308,0.000222107
CHA,chiparra,coca,3.3169625904684388,6.722897354250369,15.511658517905744,0.9967298006784602,0.002121963
CHA,chiparra,coca,3.210922080832547,6.497127497313267,14.423363310225795,0.9944545278602884,0.003489462
CHA,chiparra,coca,3.8352253191843833,6.932295849379294,18.377476972976638,0.9921224254837143,0.00122024
CHA,chiparra,coca,4.187734535410617,8.129394187,23.53902946879043,0.99717047,0.000905091
CHA,chiparra,coca,3.5689963542097196,7.239349347940477,17.47665034065858,0.9925983797019535,0.000578285
CHA,chiparra,coca,3.600042489266148,7.251174353,17.71327299151335,0.9944631890408654,0.00049355
CHA,chiparra,coca,3.282185958780606,5.704303483347692,12.627320670326753,0.991377749,0.000430801
CHA,chiparra,coca,3.3494805910090415,6.433166438389166,14.81149012055721,0.9931167226657942,0.000278754
CHA,chiparra,coca,3.951967625631206,7.460892924022753,20.30100268009528,0.9903814595542602,0.00042921
CHA,chiparra,coca,3.182359866975898,5.770584663848951,12.226119550566636,0.9919096563469384,0.000500269
CHA,chiparra,coca,2.9241624183903348,6.1167921154966685,12.451226300911912,0.9915345072607568,0.001403464
CHA,chiparra,coca,3.2757404309922364,6.122358712766381,13.31980744359953,0.9897328589085893,0.001098031
CHA,chiparra,coca,2.9985821628106164,5.914554154785077,11.885292277862845,0.9884580734451959,0.000482785
CHA,chiparra,coca,3.9351324736327538,8.236986939376134,21.96208187415732,0.9945222326894159,0.001057044
CHA,chiparra,coca,3.4494547446866104,6.967541409577265,16.674948613558172,0.99587358,0.000363225
CHA,chiparra,coca,3.2690775836599624,6.230532413940891,14.091431265536812,0.9894293371542552,0.000504659
CHA,chiparra,coca,3.096419058555667,5.805770811452631,12.306439365625465,0.9917999167624275,0.001025807
CHA,chiparra,coca,3.775064827878343,7.114217238261461,19.425167407377558,0.9966132180131558,0.000198936
CHA,chiparra,coca,3.2797877685505155,5.947185938388731,13.942685603987684,0.996128292,0.00072931
CHI,chirosa,coca,3.5232221314741077,6.7580377494777295,16.311430934100827,0.9932315500610697,0.003132858
CHI,chirosa,coca,3.2738362528716065,5.946821478074544,13.282266825407532,0.9905241151066443,0.000411431
CHI,chirosa,coca,3.999729616611142,8.123700132839641,21.626082662985937,0.988408108,9.982825044750423e-05
CHI,chirosa,coca,4.5059214851962075,7.637245669348427,23.934763973616555,0.9884235028815406,0.001576875
CHI,chirosa,coca,4.268435634844241,8.343729512419525,25.123830538238508,0.9961568752167361,0.000556871
CHI,chirosa,coca,3.086841314644839,6.758530514455366,14.82524318064361,0.9918928769522842,0.001509512
CHI,chirosa,coca,3.148292621504086,5.436698191915384,12.345223114020428,0.9930912012182294,0.001628376
CHI,chirosa,coca,3.3455932055033584,6.544731313708425,14.97253644427201,0.9950943681421501,0.000795135
CHI,chirosa,coca,4.398320709834655,9.078114012102862,27.05985028369514,0.993000029,0.000227568
CHI,chirosa,coca,4.126829476173224,8.414066135155236,23.63483495645778,0.9853698854903746,0.000367655
CHI,chirosa,coca,3.696732595438176,6.931837922358682,17.48985567162299,0.9876190141874558,0.001834196
CHI,chirosa,coca,3.303571860915566,6.746773510356637,15.359059957397221,0.9888662958112746,0.000281558
CHI,chirosa,coca,3.975590666981966,7.9538507968431436,21.361010170074678,0.9855541848898203,0.002578532
CHI,chirosa,coca,3.6338846436755565,7.8152212900811335,19.186571088048368,0.9922192910398598,0.000386222
CHI,chirosa,coca,4.011879226235597,7.861220050099783,21.56261261,0.9904665305642573,0.000253244
CHI,chirosa,coca,4.575128374,7.742578229,24.651207646567855,0.9928269286639232,0.000217241
CHI,chirosa,coca,3.375906839916137,7.283750666,16.956184561036935,0.9901956844453049,0.000638376
CHI,chirosa,coca,4.543909121072756,8.519492292199269,25.72482447804032,0.9877721224934567,0.000245529
CHI,chirosa,coca,4.231951222011871,7.766092581889511,21.498602430533083,0.9742028790302537,0.003253438
CHI,chirosa,coca,3.7658594505257748,7.178054882310857,19.206662229766152,0.9951103520095896,0.005820653
CRE,crespa,truxillense,2.2685218058433154,5.456153477,8.415839989,0.9924943971177843,0.000371985
CRE,crespa,truxillense,2.2213546218103604,5.491639727819851,8.193090969796685,0.9928690998847713,0.00036636
CRE,crespa,truxillense,2.2381996844222423,4.678100469,6.943475172840408,0.9879363384764029,0.000788946
CRE,crespa,truxillense,2.3722151855763753,5.630422085988276,9.385203044,0.9945403689113942,0.000398027
CRE,crespa,truxillense,2.0759331398289786,5.242859154450408,7.023008323899376,0.9852407783643758,0.000286456
CRE,crespa,truxillense,2.265414068627182,5.109242692832684,7.786002548404213,0.9852768953995974,0.000918793
CRE,crespa,truxillense,2.451364465006532,5.883390266467017,10.11171257118258,0.9959669691147055,0.000406325
CRE,crespa,truxillense,2.2985325725332553,5.4894392366362785,8.805355468539801,0.992338261,0.000420814
CRE,crespa,truxillense,2.616468181870487,6.133641728448158,11.083852675291837,0.9938446189416734,0.002023766
CRE,crespa,truxillense,2.082599198941213,4.903760048958509,7.072287878519546,0.9912342997831671,0.001160939
CRE,crespa,truxillense,2.114627548840465,4.722427405309383,6.3516634079569485,0.982699005,0.001481926
CRE,crespa,truxillense,1.6934311638876656,3.8713810553976344,4.214371203758219,0.9805388195745599,0.001280798
CRE,crespa,truxillense,2.3359436637934614,5.226278459518455,8.120043138,0.9891113091763648,0.005584247
CRE,crespa,truxillense,1.6222163468760167,4.153187114477085,4.561247806696429,0.9819452019548538,0.000609148
CRE,crespa,truxillense,1.8433243279876477,4.625356778197535,5.435076645721892,0.9866927618780557,0.000292065
CRE,crespa,truxillense,2.0429791621427995,4.152105431718461,5.704381596956864,0.987276921,0.000489842
CRE,crespa,truxillense,2.075013000476746,5.103473944666644,6.677228117000595,0.9802637086457777,0.0049039
CRE,crespa,truxillense,2.5801617663358734,6.091234979073487,10.663609193860339,0.992602203,0.000561022
CRE,crespa,truxillense,1.8882827230555694,5.394381252526334,7.052751868970972,0.9317972218956176,0.018117484040771646
CRE,crespa,truxillense,2.486259120550381,5.051709260278315,8.04668245,0.9831239047584661,0.016674769830825227
DUL,dulce,coca,2.751440882382104,5.598421887326192,10.834434338479696,0.990136316,0.000512542
DUL,dulce,coca,2.926227565451062,6.346180330790061,12.746180414236278,0.993495817,0.000367289
DUL,dulce,coca,2.507507185424539,5.139687647705851,9.026123635678687,0.994749628,0.002070561
DUL,dulce,coca,2.464437647316453,5.665136166689608,9.890755200332478,0.9933027158382189,0.002737835
DUL,dulce,coca,3.3621014413197745,7.745801657920026,18.231169749257788,0.9971110531853985,0.004356047
DUL,dulce,coca,2.4278869642859258,5.295730423,8.839967523595988,0.9916672161428898,0.001351067
DUL,dulce,coca,3.208435765,6.229393515598504,14.198357868610856,0.9947441724960882,0.001320423
DUL,dulce,coca,3.139683833379358,6.229237407260794,13.749000623772645,0.9937984023380783,0.000399789
DUL,dulce,coca,2.988531185,6.057203860801485,12.928060345077029,0.9924203431054196,0.002547027
DUL,dulce,coca,3.2408004161869233,6.554121836142243,14.860815355451905,0.9935357009421252,0.000694526
DUL,dulce,coca,2.943950450607236,7.186730419201991,14.866729646030763,0.9929765873034595,0.001664618
DUL,dulce,coca,2.769110123751889,5.320020973234579,10.214038057016296,0.9949437628256457,0.000247329
DUL,dulce,coca,2.9383332001538394,6.336388056555009,13.320533604274715,0.9959200088867932,0.000118927
DUL,dulce,coca,2.7460142004967514,6.087328769466081,11.644988307898984,0.9942492843533098,0.00173248
DUL,dulce,coca,3.2696764654862003,6.911656802011484,15.80601616847207,0.9946639768646612,0.000161133
DUL,dulce,coca,3.0609748874861413,6.809447052974955,14.915363906172843,0.99285846,0.003190308
DUL,dulce,coca,2.815663697916622,6.332523757,12.433198480322062,0.9940710454685374,0.002224694
DUL,dulce,coca,3.451662998870316,7.377749326924171,17.406900221986234,0.9909300093000333,0.00022223
DUL,dulce,coca,3.0955418537356847,6.512893644179993,14.406281800473607,0.9941283795241654,0.003130913
DUL,dulce,coca,3.379354523178854,6.539688298828304,15.550025212099172,0.9920860543307294,0.002353854
GIG,gigante,ipadu,4.256959011351767,8.032160891864438,22.782238127198525,0.9886078731252494,0.001969771
GIG,gigante,ipadu,3.695428249695972,7.142831413167375,18.45592190505613,0.9924756406847421,0.000475472
GIG,gigante,ipadu,3.809573149110201,7.389486446272697,20.281970849179743,0.995782842,0.000206005
GIG,gigante,ipadu,3.7300877039228695,8.127221672135594,21.100794821144518,0.9943440420510035,0.001654733
GIG,gigante,ipadu,4.288264414,8.151826821452095,24.545718476691036,0.9959395112561631,0.000357859
GIG,gigante,ipadu,4.046434360173167,7.7052096021672085,21.594383599429875,0.9977866052403597,0.000296323
GIG,gigante,ipadu,3.946899107,8.163937123828605,22.086748546918898,0.9968483102436323,0.000223853
GIG,gigante,ipadu,4.196296106870463,8.726424657248065,24.697186273801435,0.9971279525833371,0.000984855
GIG,gigante,ipadu,3.691090275565215,7.743895252955939,19.523928178393817,0.9955412581816337,0.00042266
GIG,gigante,ipadu,4.5544484317839835,8.929325849298632,28.73641459377677,0.995634164,0.000173983
GIG,gigante,ipadu,4.107308158642262,7.898234082907271,22.192968997494063,0.9951080093216105,0.000955341
GIG,gigante,ipadu,4.404337232778389,9.008028818524913,28.298062331839446,0.9974477755567951,0.000525629
GIG,gigante,ipadu,4.233997457791886,8.058436385,23.846089152268632,0.9978768664290623,0.000985839
GIG,gigante,ipadu,4.264723289376813,8.483539431860581,25.071801003583005,0.9971146597793065,0.000520819
GIG,gigante,ipadu,5.033307548580914,8.374884580029347,32.21282634374529,0.9979816124054864,0.001000875
GIG,gigante,ipadu,3.837411219748228,7.92162136,20.59539733,0.9936167766601999,0.000488382
GIG,gigante,ipadu,3.8166185886778603,8.379117739935463,21.88792990783486,0.9959520643843317,0.001466312
GIG,gigante,ipadu,4.3439236330490685,8.944077815915694,26.55242302737861,0.9960604305399202,0.000346028
GIG,gigante,ipadu,3.803819603727904,8.304020188278436,21.014664299351807,0.9940008239816842,0.000294371
GIG,gigante,ipadu,4.1479817734125595,8.785502174828192,24.65590618,0.9954812679548024,0.000615611
GUR,guayaba roja,coca,3.1094051404471745,6.672823766,14.6914833,0.9954356331704954,0.001288511
GUR,guayaba roja,coca,3.547931161653226,6.784281974717456,16.286739555184795,0.9950533861101603,0.003189547
GUR,guayaba roja,coca,3.168624936516852,6.161711565474466,13.500564784497783,0.9956695452861304,0.000483518
GUR,guayaba roja,coca,2.9521431456694422,6.512433221907423,12.904034074668743,0.9962064558843734,0.000505643
GUR,guayaba roja,coca,3.383322635555861,7.127246158080505,16.458812567805126,0.994064717,0.000153823
GUR,guayaba roja,coca,2.611708844432764,5.6301502098479865,9.821892306,0.9916719999266352,0.000449342
GUR,guayaba roja,coca,3.2406792008928624,5.987512840226936,13.350380680086346,0.9929286582760558,0.000278709
GUR,guayaba roja,coca,2.910158021644169,5.359578832642075,11.136589166796512,0.9947602913063205,0.000442262
GUR,guayaba roja,coca,3.5280466251776916,6.474626141656405,16.180286081024406,0.9953022684212277,0.000379771
GUR,guayaba roja,coca,3.7865582377462967,6.584520598518148,17.911844322840807,0.9946495284890631,0.000373745
GUR,guayaba roja,coca,3.566430968033485,6.533922462849324,16.58774896935074,0.9973866297444813,0.000224869
GUR,guayaba roja,coca,2.665089249457102,5.475130924065768,10.194285450003008,0.9953058604435912,0.000269468
GUR,guayaba roja,coca,3.4839264880761958,6.571438277673251,15.78762710177216,0.9932558976163743,0.000321342
GUR,guayaba roja,coca,3.705362455716312,6.763971073581085,17.22377244965537,0.9940387253963056,0.000723722
GUR,guayaba roja,coca,3.1971686419375525,6.862010579171242,14.929574601087552,0.9940950524912449,0.000945242
GUR,guayaba roja,coca,4.133389149172412,7.601270513576559,21.73873640685497,0.9920808343884946,0.002143628
GUR,guayaba roja,coca,3.603492903925213,7.413353021602834,17.924725508432857,0.995530644,0.002591291
GUR,guayaba roja,coca,3.6289836409256653,6.636156327,16.10132892,0.9872737326421852,0.005610071
GUR,guayaba roja,coca,3.1060964323546836,6.125707446240259,13.289290795506076,0.993908433,0.000667891
GUR,guayaba roja,coca,2.7159768152364885,5.770794468547331,11.113658142240638,0.9949210039680026,0.000675564
PAT,patirroja,coca,2.894162687015818,7.3539232309303735,14.518011369993474,0.98761184,0.001877961
PAT,patirroja,coca,2.753698483963718,6.936285501740211,13.756690954974601,0.9933319973472532,0.001848582
PAT,patirroja,coca,3.4047183504195067,8.698192492089365,20.66469638407716,0.994052559,0.000308555
PAT,patirroja,coca,3.137962959798987,7.495701744999797,16.728324350694947,0.9948732880332454,0.001011769
PAT,patirroja,coca,2.6947892739882935,6.821165482340909,12.978571145905335,0.9922978618982196,0.000371757
PAT,patirroja,coca,2.8291565112303054,6.836182278,13.154583900428406,0.9905447111236542,0.000659991
PAT,patirroja,coca,2.9004376224253603,6.996225073946302,13.792793649085525,0.9913597958046289,0.000356308
PAT,patirroja,coca,2.9345961697029326,6.794879042,13.58784557691024,0.9913710522657583,0.00010648
PAT,patirroja,coca,2.9669532524069684,7.812067661424552,16.585858941771676,0.9929044300449144,0.000333773
PAT,patirroja,coca,2.684640686,5.987260061089364,11.066120028382556,0.9901338845415166,0.000114781
PAT,patirroja,coca,3.0800912743346887,7.319199862875369,15.797207324181272,0.990880853,0.000491088
PAT,patirroja,coca,3.0804250703574905,7.775098113512094,17.150924667912932,0.9909172818789039,0.000299475
PAT,patirroja,coca,2.8935342738833976,6.897043679909863,13.986259408596652,0.9915032176244071,0.000921305
PAT,patirroja,coca,2.553022591385293,5.839276348646833,10.074193012286287,0.9847517805328841,0.000259541
PAT,patirroja,coca,3.086506664847991,8.439146194970489,18.535107658319248,0.9912533248791957,0.000356254
PAT,patirroja,coca,2.604664160474874,6.520402472786415,11.714875523399314,0.9880850962056653,0.000994833
PAT,patirroja,coca,2.635855328549577,6.566647474485457,12.125399028160246,0.9895136289337482,0.000716457
PAT,patirroja,coca,2.718888652942436,6.269615121600255,11.286214339855633,0.9839811628339263,0.002859198
PAT,patirroja,coca,3.1063609648334394,8.516300537977955,18.358691585100132,0.9893290665552851,0.002131069
PAT,patirroja,coca,2.2980538692237653,6.173359428909498,9.583616078757132,0.9881534151997172,0.000619497
PER,peruana roja,coca,3.8408440369457786,7.523853008,20.306217780879706,0.9930950768526047,0.001037385
PER,peruana roja,coca,3.731141975059442,7.424538421729096,18.938277167772867,0.9928686914235461,0.000434738
PER,peruana roja,coca,4.021972688452299,8.484735731375071,23.654084835746744,0.9977015009833858,0.000562882
PER,peruana roja,coca,3.382682838134281,7.917149245488027,18.87146453309333,0.996506065,0.000791163
PER,peruana roja,coca,3.603430153235209,7.487350863914056,18.62119257002132,0.996528422,0.000181628
PER,peruana roja,coca,2.994282471559062,6.186608540398619,12.50564976826945,0.9906904312720615,0.001444853
PER,peruana roja,coca,3.569181792307865,8.329842092983327,20.742938592024984,0.9951655216123759,0.000160538
PER,peruana roja,coca,3.7654154232491024,8.198476520052203,22.101667908301806,0.996131002,0.000368389
PER,peruana roja,coca,3.6653087328467224,7.459461116624981,19.392206817794886,0.9962900186601832,0.000181876
PER,peruana roja,coca,3.847889879757954,9.182272392,24.788543253799617,0.9966730050187923,0.000216337
PER,peruana roja,coca,3.344754813673668,7.034064046949605,15.546845179516367,0.993481317,0.000411725
PER,peruana roja,coca,3.3800959782485362,7.217379334610243,17.118440294203992,0.9950906035680134,0.000928026
PER,peruana roja,coca,3.416715696472754,7.462984523052636,17.855064610548652,0.9949124208466257,0.002053798
PER,peruana roja,coca,3.782941381077781,8.017034141305745,20.927943653017337,0.9964946409058686,0.00055699
PER,peruana roja,coca,4.087934216259847,9.430371594035691,27.30475861,0.994686548,0.00176554
PER,peruana roja,coca,3.355875377918432,7.980289126766062,18.240743154631218,0.9933506709344009,0.00241505
PER,peruana roja,coca,3.5186790981124654,7.969405032229128,19.10765707060682,0.9924341211432463,0.000355834
PER,peruana roja,coca,3.1673660534191264,6.474714288829467,14.261111212271317,0.9956654940337041,0.000382664
PER,peruana roja,coca,3.983394812171765,8.671564315470413,24.22963751332918,0.9946725723486092,0.00277542
PER,peruana roja,coca,3.0301053506481734,6.790861821073129,14.271489442977781,0.9943016615590962,0.000669556
TIP,tingo pajarita,novogranatense,1.6543717787916208,3.600728532418925,4.167783909416812,0.986249972,0.000350542
TIP,tingo pajarita,novogranatense,1.9757501678769103,3.907143667662824,5.403176049343983,0.9923002926092752,0.00024047
TIP,tingo pajarita,novogranatense,2.237275876208072,4.625899139984985,7.082739914474132,0.9936506268229112,0.000379581
TIP,tingo pajarita,novogranatense,2.0067778038493236,4.152009363158132,5.516105837468331,0.9841782364858302,0.001011169
TIP,tingo pajarita,novogranatense,2.1362008068527754,4.478444865310873,6.6320178429004955,0.988632406,0.000977777
TIP,tingo pajarita,novogranatense,1.5714680033533748,3.2063464543572193,3.404012694,0.9840020641377865,0.000706691
TIP,tingo pajarita,novogranatense,1.8369118375172153,3.603069811307809,4.570484867970663,0.9890298954421146,0.000961929
TIP,tingo pajarita,novogranatense,2.217241604528568,4.749745189500782,7.198273409081139,0.9928960262039602,0.000164839
TIP,tingo pajarita,novogranatense,1.9949905789590296,4.540129029737136,6.222257761962737,0.9903826019464991,0.000600697
TIP,tingo pajarita,novogranatense,2.4869676139688197,5.134520589,8.759092346331727,0.992703947,0.000558838
TIP,tingo pajarita,novogranatense,1.8665567153325142,3.6608410336881265,4.641813443664432,0.980831788,0.00112911
TIP,tingo pajarita,novogranatense,1.8303170393122103,3.870523019103932,4.865504500746738,0.9894272201026522,0.001179838
TIP,tingo pajarita,novogranatense,2.2603511695840055,4.632901442024298,7.311441281082807,0.992072225,0.000580072
TIP,tingo pajarita,novogranatense,1.722643321907169,3.5622908124470953,4.216660066,0.9913894374213311,0.000336657
TIP,tingo pajarita,novogranatense,1.9855116013582146,4.1905094345830705,5.869193143758366,0.992337636,0.001302248
TIP,tingo pajarita,novogranatense,1.868897612558432,3.731173225,4.8051139453423275,0.9906924053442683,0.000659682
TIP,tingo pajarita,novogranatense,2.124629337083631,3.9158048984424116,5.659498565128615,0.9932713430920853,0.000831554
TIP,tingo pajarita,novogranatense,2.1646066470933603,4.301421458924978,6.443175484949279,0.9959392132729059,0.000248628
TIP,tingo pajarita,novogranatense,1.9384150141375978,3.9156726200084364,5.242883347371389,0.9939250082088251,0.001358773
TIP,tingo pajarita,novogranatense,2.2212868776283132,4.469609132743976,6.888535189083086,0.9938024881565491,0.002877982
TMA,tingo maria,coca,2.889092805071437,7.133482289761673,14.078934399969967,0.9868463931936841,0.000961749
TMA,tingo maria,coca,3.262202560154183,8.765385552286563,20.619946215948858,0.9927834745746711,0.000255235
TMA,tingo maria,coca,3.5194145781312836,8.902045992561057,21.75738932353852,0.9917716015738116,0.000184002
TMA,tingo maria,coca,3.4834714946404333,8.867011325,21.19169691565594,0.9895345735906741,0.000791587
TMA,tingo maria,coca,3.4761756298624347,9.009872912742438,21.96717283918997,0.9946389993872796,0.000584355
TMA,tingo maria,coca,2.976935449382637,8.355877836933598,16.99472613942271,0.9882010458257855,0.000156751
TMA,tingo maria,coca,3.6942961209737426,9.608376239647084,25.230956975188292,0.9946353495228664,0.000569308
TMA,tingo maria,coca,3.0718206541370545,8.095160066955335,17.81119576,0.9927698516205934,0.000687221
TMA,tingo maria,coca,3.348675719625305,8.006621685,18.78173565548741,0.9900333778485496,0.000334273
TMA,tingo maria,coca,3.415782813,9.173914582874286,22.090247989392537,0.9916896460094952,0.000230739
TMA,tingo maria,coca,2.941973327643117,7.3117490523609785,14.613191326944616,0.9877629427984614,0.004686506
TMA,tingo maria,coca,3.470143506369493,8.987167958,21.856469323897272,0.9942244304005954,0.000263377
TMA,tingo maria,coca,3.4250984730059253,8.925600500090475,21.42800258084162,0.9896036283623967,0.000302233
TMA,tingo maria,coca,4.017242621220683,10.09982627990064,28.26255507006772,0.9961976128805277,0.002167341
TMA,tingo maria,coca,3.4638477563009227,8.652340948227824,21.124417761626773,0.9917246974692108,0.000323135
TMA,tingo maria,coca,3.2973058646009914,8.592147027848947,17.380862400073966,0.9614179808814239,0.011249661181130856
TMA,tingo maria,coca,3.509593023530999,9.038254373612926,22.40978519371447,0.9890274209521726,0.001478246
TMA,tingo maria,coca,3.0178258445603348,7.109855504742613,15.092217063398948,0.992585357,0.000421777
TMA,tingo maria,coca,2.8570478658511265,7.498260622382248,15.12719302413143,0.9929052713045323,0.000455019
TMA,tingo maria,coca,3.585708392230287,9.500636709616558,23.745079463210914,0.9946015028732109,0.000360841
TPC,tingo pajarita caucana,novogranatense,1.3551916165878115,3.667467753915232,3.3107001093876534,0.9812953756515159,0.000802843
TPC,tingo pajarita caucana,novogranatense,1.9370576595736368,4.503910148979007,5.9975592906948805,0.9917697615486237,0.001302918
TPC,tingo pajarita caucana,novogranatense,2.0468111900335506,5.249319063463556,6.971286257,0.9840021593303184,0.001970771
TPC,tingo pajarita caucana,novogranatense,2.115261270293682,5.209226596693999,7.412925028137579,0.9907331840698752,0.000440721
TPC,tingo pajarita caucana,novogranatense,1.592391531418916,4.617395249062364,4.9796041746712945,0.9907111675287286,0.000213289
TPC,tingo pajarita caucana,novogranatense,1.8500418964136696,4.3837819308530115,5.368570764664128,0.9842985107569115,0.00058864
TPC,tingo pajarita caucana,novogranatense,1.757046897458828,4.449776852502106,5.2037468946737135,0.9853430783413267,0.000381468
TPC,tingo pajarita caucana,novogranatense,1.7129839515555005,3.6622617531061845,4.375696222517945,0.9908415212846896,0.000379967
TPC,tingo pajarita caucana,novogranatense,1.6557244798216137,4.433531866153222,4.942714720677941,0.9855012079991433,0.001246568
TPC,tingo pajarita caucana,novogranatense,1.566091752321415,3.983340664662248,4.377995916976488,0.9900341490522878,0.002843661
TPC,tingo pajarita caucana,novogranatense,1.6219202014066267,4.050385994,4.608985742956975,0.9911112284185541,0.000242413
TPC,tingo pajarita caucana,novogranatense,1.6713975546298565,3.803448931839874,4.390766812,0.9915483098374869,0.000437891
TPC,tingo pajarita caucana,novogranatense,1.6990434146183224,4.320921435703519,4.799608714691203,0.9803840766088087,0.005562433
TPC,tingo pajarita caucana,novogranatense,1.9109891467253073,4.331169289580192,5.740085915760119,0.9912771727985517,0.000224959
TPC,tingo pajarita caucana,novogranatense,1.3438784417971643,4.575590706972992,4.2169621792991165,0.976827344,0.000542189
TPC,tingo pajarita caucana,novogranatense,1.4525104719520803,4.376834386422783,4.168825832301536,0.9820327532404638,0.000569578
TPC,tingo pajarita caucana,novogranatense,1.8093910378475409,4.402062999623759,5.381405937,0.9911234250496913,0.001988428
TPC,tingo pajarita caucana,novogranatense,1.5305045480315709,4.5869149634433715,4.760826879,0.9859479643766899,0.000505857
TPC,tingo pajarita caucana,novogranatense,1.833099192721348,4.193823291373706,5.369554022456214,0.9851340883114938,0.000655536
TPC,tingo pajarita caucana,novogranatense,1.3280553770452945,4.398295359327167,3.843245301316074,0.9759055301842797,0.00107259
TPE,tingo peruana,coca,3.343640510596561,8.004618679921936,18.20153278894395,0.9952642376666002,0.002930172
TPE,tingo peruana,coca,3.5189342104214543,7.969655097898271,19.116618734694384,0.9920905936674956,0.000282594
TPE,tingo peruana,coca,3.1654682054146885,6.474619718642355,14.263653739699294,0.9942729398002417,0.00062505
TPE,tingo peruana,coca,3.988059497823534,8.676413174322905,24.22993742413837,0.9956911207341331,0.002925954
TPE,tingo peruana,coca,3.030435447368891,6.817890465161181,14.27883546806288,0.9932645032933046,0.000525642
TPE,tingo peruana,coca,3.395015094628153,7.109501816379095,16.714297071773217,0.9948489245651118,0.001182661
TPE,tingo peruana,coca,3.445526762631814,6.327885367231597,15.289376439946409,0.9946300863151933,0.002090724
TPE,tingo peruana,coca,3.4404181801341647,7.412308253858458,17.651164831028836,0.9960884070435849,0.000258305
TPE,tingo peruana,coca,3.478973176,8.062241191893342,19.33866716430066,0.993288568,0.00061746
TPE,tingo peruana,coca,3.909918627379298,10.168981486033998,27.969263984262398,0.9959352776325633,0.000868963
TPE,tingo peruana,coca,3.623049347,7.590142857151026,19.06736862913567,0.9948097803678315,0.00105074
TPE,tingo peruana,coca,3.3526278168157955,7.356676915280207,16.9592048,0.9963252596762959,0.00038341
TPE,tingo peruana,coca,3.631125436299498,7.883570903029115,19.979928832392943,0.9972125637252353,0.000637106
TPE,tingo peruana,coca,3.3169120632158577,7.601248665094746,17.42524117498533,0.994807493,0.000175685
TPE,tingo peruana,coca,3.3148645209416463,7.741110313846857,18.10198375663549,0.9971825718436085,0.000650381
TPE,tingo peruana,coca,3.606709806213911,7.503800995865106,18.892443363903112,0.9974444458919007,0.000829148
TPE,tingo peruana,coca,3.8002643948945307,8.541143412342786,22.502170155285512,0.9963853107408459,0.000141395
TPE,tingo peruana,coca,2.776979755956341,6.010898626349326,11.343936474464044,0.994783326,0.001162498
TPE,tingo peruana,coca,3.683084731021638,8.345920916458283,21.70058992003078,0.9949390299040679,0.001970388
TPE,tingo peruana,coca,2.6396972297469796,5.675346405536855,10.37290293256865,0.9898933081574512,0.000551925
TRU,tujillense caucana,ipadu,3.528634068,7.174539979888015,17.32565052565451,0.9904678612230019,5.780551212369437e-05
TRU,tujillense caucana,ipadu,3.4577334654184373,6.994962383976667,16.458458723056083,0.9957897489666178,0.00041036
TRU,tujillense caucana,ipadu,3.734585202697134,7.742616521668269,19.387577584222072,0.9898359205963492,0.00078523
TRU,tujillense caucana,ipadu,3.6065702090905036,7.5006755896838655,18.388030756054377,0.9913070704125235,0.000433347
TRU,tujillense caucana,ipadu,3.9356662238348665,9.397101291,25.61960548793104,0.9948080592576741,0.000591229
TRU,tujillense caucana,ipadu,3.1719861528964346,6.598383643630983,14.41317527455476,0.9883903069390813,0.00059835
TRU,tujillense caucana,ipadu,3.5891117357326774,7.239685723,17.70813377903187,0.9909423324420102,0.000310015
TRU,tujillense caucana,ipadu,3.537911327455565,7.566816142422898,18.4921209,0.9884754955542301,0.002125995
TRU,tujillense caucana,ipadu,3.7231135363957106,7.428382316097011,18.672736928789163,0.9944229357684334,0.000801825
TRU,tujillense caucana,ipadu,3.667796536557592,8.201173182,20.405615129316175,0.9950044562812927,0.001301057
TRU,tujillense caucana,ipadu,3.0280400467623405,6.5391502663243815,12.785766518617038,0.9767126775730157,0.000682488
TRU,tujillense caucana,ipadu,3.260369270647357,7.070896080208542,15.46420295236203,0.9853111623154908,0.002153491
TRU,tujillense caucana,ipadu,3.5277959857923067,7.2873356581706075,17.38825331789394,0.9942133893039291,0.000854792
TRU,tujillense caucana,ipadu,3.751662856871361,8.273020392636743,21.76981930219472,0.994995314,0.001223326
TRU,tujillense caucana,ipadu,3.628592366286272,8.155223987516415,19.95807319232972,0.9899018021844884,0.002410828
TRU,tujillense caucana,ipadu,3.0271451371660536,6.395159273904848,12.72748457,0.9870722297077924,0.00071788
TRU,tujillense caucana,ipadu,3.0944758535864914,7.156323009720402,14.662465070200597,0.9734293635039435,0.003501222
TRU,tujillense caucana,ipadu,3.623825874106398,8.190816587674492,19.469384729089597,0.9865212052858345,0.000360632
TRU,tujillense caucana,ipadu,3.268143055651559,7.354177515269345,15.531639063203784,0.9611749728959756,0.004234679
TRU,tujillense caucana,ipadu,3.8171961172593427,8.132581716388044,20.669518302797314,0.986029593,0.001078576
wild_CATA,cataractarum,cataractarum,1.4587449486071242,3.5739894591121897,3.464230371900825,0.9880739357100761,0.000405164
wild_CATA,cataractarum,cataractarum,1.5287617950403716,3.8996292061422606,4.029054752066117,0.9928188568498709,0.000333873
wild_CATA,cataractarum,cataractarum,1.2585018182852115,3.3238713234741804,2.8657024793388435,0.9907646793282888,0.000399255
wild_CATA,cataractarum,cataractarum,1.4902872687090274,3.6036190457874384,3.574315599173553,0.9925697077928364,0.000307391
wild_CATA,cataractarum,cataractarum,1.0538249809883058,2.6166648808835022,1.8779700413223153,0.9868009079887057,0.00036992
wild_CATA,cataractarum,cataractarum,1.8864266182535132,4.363472934338175,5.637725069252079,0.9978844123599512,0.000898477
wild_CATA,cataractarum,cataractarum,1.907537829970269,4.908440682087684,6.3364785318559536,0.9981998905612273,0.000474094
wild_CATA,cataractarum,cataractarum,2.090099868982011,5.3024426253680295,7.925640581717458,0.9979823218201652,0.000237685
wild_CATA,cataractarum,cataractarum,1.623618950507137,4.552537891735386,5.068732686980606,0.9949421353622292,0.000284619
wild_CATA,cataractarum,cataractarum,1.6485694505319688,4.595339275879033,5.350844444444446,0.9961732515345021,0.000440479
wild_CATA,cataractarum,cataractarum,1.8339109694546991,4.535658545295501,5.785155555555548,0.9956497917148364,0.002024937
wild_CATA,cataractarum,cataractarum,1.9494427646397074,5.142192377996118,7.094133333,0.9979830674298235,0.000397483
wild_CATA,cataractarum,cataractarum,1.7380411126452016,4.838758075902191,5.708000000000007,0.9953508287242784,0.000492795
wild_CATA,cataractarum,cataractarum,2.813781944826194,7.0432011872842795,13.59511111111111,0.9979575373355483,0.002607641
wild_CATA,cataractarum,cataractarum,2.9764227653541417,7.354008524839353,14.810093652445374,0.9952140442715571,0.000326041
wild_CATA,cataractarum,cataractarum,2.6871613891396327,6.792893365689199,12.36485431841833,0.9917323766254394,0.001310113
wild_CATA,cataractarum,cataractarum,2.820540512499671,7.440428616002837,14.770551508844942,0.9966032596690713,0.000776315
wild_CATA,cataractarum,cataractarum,3.1172892056735226,8.816817114912105,18.326873048907387,0.9890542378702164,0.000211854
wild_CATA,cataractarum,cataractarum,3.430452159924795,7.468997092408891,18.458896982310108,0.9975719636583137,0.000834143
wild_CATA,cataractarum,cataractarum,2.050247048666479,4.680690932757671,6.687448979591837,0.9959393316831839,0.001055198
wild_CATA,cataractarum,cataractarum,2.0504396592547334,5.050292263519102,7.3757653061224495,0.9983016360170236,0.00051807
wild_CATA,cataractarum,cataractarum,2.0248668811205155,5.298940286088677,7.719897959183665,0.9973922006260191,0.000132129
wild_CATA,cataractarum,cataractarum,1.8772237305682808,4.710799901210894,6.005943877551027,0.9933917713889457,0.000199026
wild_CATA,cataractarum,cataractarum,2.4851983676331155,4.8345603618758695,8.609234693877536,0.9991150823579773,0.000216398
wild_CATA,cataractarum,cataractarum,2.516535493068611,5.131885494793762,8.924438776,0.9974612830243639,0.000608167
wild_CATA,cataractarum,cataractarum,2.2528405837590673,4.392331003742957,7.189821428571443,0.9978172167460525,0.000111522
wild_CATA,cataractarum,cataractarum,2.6066780228194615,4.810453132271192,9.173801020408167,0.9994396265687827,8.241377262002065e-05
wild_CATA,cataractarum,cataractarum,1.680641114424965,4.047209117935068,4.777908163265302,0.9967905803576479,0.000143172
wild_CATA,cataractarum,cataractarum,1.5902935941988454,3.687403719444317,4.104362245,0.9974863351749199,0.000587319
wild_CATA,cataractarum,cataractarum,1.804262439100806,3.8384007520292327,4.764744897959183,0.997631986,0.00049415
wild_CATA,cataractarum,cataractarum,1.9967275741650785,4.273558899165771,6.079260204081635,0.9978689901800177,0.000934133
wild_CATA,cataractarum,cataractarum,1.670593247,4.009628062,4.722678571428574,0.9973766994228416,0.000330986
wild_CATA,cataractarum,cataractarum,1.8929553766014027,5.897415935599433,7.297423469,0.993853173,0.000125671
wild_CATA,cataractarum,cataractarum,2.373984759151451,7.082065386290752,10.931530612244892,0.9960325031395341,0.00073944
wild_CATA,cataractarum,cataractarum,2.6687655341620387,7.486808915808307,13.067959183673475,0.9961512566153452,0.000843787
wild_CATA,cataractarum,cataractarum,2.4726186359223843,7.653487150116563,12.301836734693879,0.9977414182991758,0.000680214
wild_CATA,cataractarum,cataractarum,2.3823695916271186,7.784455508976803,12.350178571428572,0.995815803,0.000221673
wild_CATA,cataractarum,cataractarum,2.692683049434696,5.674724913608432,11.522551020408159,0.9994537253273754,0.000381709
wild_CATA,cataractarum,cataractarum,2.5938709126215533,5.594283642399156,10.309948979591848,0.9980858089679465,0.000152494
wild_CATA,cataractarum,cataractarum,1.4235968316335736,3.870914937455346,3.800237812128419,0.9958665390615808,0.00052669
wild_CATA,cataractarum,cataractarum,1.4034041573948903,4.005396755,3.7831450653983367,0.9926539364975994,0.00141279
wild_CATA,cataractarum,cataractarum,1.2810945077072715,3.8965418581739053,3.3101961950059473,0.993159765,0.005186441
wild_CATA,cataractarum,cataractarum,1.1452365633348252,2.9269569314078936,2.3088585017835888,0.9926486498200939,0.002276169
wild_CATA,cataractarum,cataractarum,1.380256398703191,3.7830327599043256,3.606420927467304,0.9955710434158781,0.000554648
wild_CATA,cataractarum,cataractarum,2.4434289736400814,5.680232369984795,10.44544766435986,0.9990910432186964,0.002253727
wild_CATA,cataractarum,cataractarum,2.980980994110512,6.155480891852321,13.38759732,0.998788052,0.00120816
wild_CATA,cataractarum,cataractarum,2.5447818774639908,5.400084801981493,10.180174091695505,0.9990133902405304,0.000541431
wild_CATA,cataractarum,cataractarum,2.442167489442452,5.9899872403212715,10.487673010380618,0.9984495309863956,0.001085753
wild_CATA,cataractarum,cataractarum,3.355615533509893,6.684067144932525,16.29793808940275,0.9970124308377524,0.000525178
wild_CATA,cataractarum,cataractarum,3.376230162389693,6.998345294,16.456364217592824,0.9979685565118522,0.00033099
wild_CATA,cataractarum,cataractarum,3.2469808032914056,6.508157272319909,14.726010975544781,0.9979356630527102,0.000750414
wild_CATA,cataractarum,cataractarum,1.6086965510980182,4.331686269684843,4.836581632653061,0.9983489109099871,0.000344492
wild_CATA,cataractarum,cataractarum,1.5081730125852961,4.260380728056232,4.630739795918371,0.9975977303213271,0.000294152
wild_CATA,cataractarum,cataractarum,1.5602504656366118,4.405745158749003,4.8512755102040845,0.9973278190023008,0.000555305
wild_CATA,cataractarum,cataractarum,1.5726131328128812,4.286835138583896,4.732882653061223,0.9989881084105235,0.001231965
wild_CATA,cataractarum,cataractarum,1.4137600386705715,3.9736732787156646,3.9329081632653033,0.9977418150916152,0.000890864
wild_CATA,cataractarum,cataractarum,2.0433921799002643,5.072470776773141,7.245408163265306,0.9988095712967433,0.00019417
wild_CATA,cataractarum,cataractarum,1.8692800935323168,5.39474399,6.910127551020411,0.9968134144537055,0.000973885
wild_CATA,cataractarum,cataractarum,2.2390134498495815,5.610154774949163,8.757117346938788,0.9984178061922185,0.000217603
wild_CATA,cataractarum,cataractarum,2.102356057549308,6.054728813575563,8.922499999999996,0.9992410321625206,0.001701992
wild_CATA,cataractarum,cataractarum,1.9663779244239006,5.611438277578612,7.598596938775524,0.9983446264597727,0.000178664
wild_CATA,cataractarum,cataractarum,2.020726879712068,5.2369381695803465,7.322372448979591,0.9987825463438945,6.686839198576028e-05
wild_CATA,cataractarum,cataractarum,2.186530040115361,5.330808393224519,7.900969387755104,0.9981452807433997,0.000441148
wild_CATA,cataractarum,cataractarum,1.8914855513866264,4.790340144332535,6.285025510204083,0.9976298344298583,0.000655403
wild_CATA,cataractarum,cataractarum,3.3800985801733403,7.995286807096194,18.916760204081626,0.9981933884698818,0.000393315
wild_CATA,cataractarum,cataractarum,3.0225784798602486,6.651811096481978,14.260076530612254,0.998220775,0.000885865
wild_CATA,cataractarum,cataractarum,3.1261402303523393,6.976753458154781,15.645943877551002,0.9987239004738936,0.000695409
wild_CATA,cataractarum,cataractarum,2.201419405916875,5.185802717520199,8.185951557093421,0.9944656390284232,0.000386645
wild_CATA,cataractarum,cataractarum,2.1592558704500444,5.637270147927568,8.448788927335642,0.9950999561239889,0.00041208
wild_CATA,cataractarum,cataractarum,2.3579510270213193,5.966757715,9.986799816345268,0.9964253632445137,0.002071708
wild_CATA,cataractarum,cataractarum,2.0899646953627586,5.157934929089807,7.295454545454548,0.9922319184116917,0.000936977
wild_CATA,cataractarum,cataractarum,2.090118915952862,4.693918068533143,6.878099173553716,0.9954009292005858,0.000120004
wild_CATA,cataractarum,cataractarum,2.399922959802113,5.973559807276166,10.270775941230491,0.9954688410360321,0.000357843
wild_CATA,cataractarum,cataractarum,2.356609952288697,5.575393376012046,9.399974804736708,0.997234624,0.000457939
wild_CATA,cataractarum,cataractarum,1.9454154119934426,4.780271795466248,6.561224489795936,0.9949802671242423,0.000420508
wild_CATA,cataractarum,cataractarum,1.2351933065905953,3.572260335125688,3.0005273437499995,0.9973582208240537,0.000239741
wild_CATA,cataractarum,cataractarum,1.2439312788900878,3.6693851294597706,3.0510742187500037,0.9949360344472697,0.002821805
wild_CATA,cataractarum,cataractarum,1.4440666428284916,4.081914391,3.9653710937499995,0.9960747810611972,0.001504077
wild_CATA,cataractarum,cataractarum,1.3341945637479657,4.0576262693597425,3.6073242187499988,0.9958683418525652,0.000112804
wild_CATA,cataractarum,cataractarum,1.3992840412250485,3.769333621705647,3.6306249999999993,0.9956243408831627,0.000648371
wild_CATA,cataractarum,cataractarum,2.709334062383583,7.956653743538764,15.345679012345672,0.9973573369057418,0.001787593
wild_CATA,cataractarum,cataractarum,2.774727091442628,7.421388299041279,14.400077160493819,0.995192426,0.001793367
wild_CATA,cataractarum,cataractarum,2.762637874555006,7.764600922308942,15.27777777777779,0.9963812264261727,0.000574607
wild_CATA,cataractarum,cataractarum,3.4358616388330754,9.401921929428383,21.898533950617285,0.9956093099673853,0.000407589
wild_CATA,cataractarum,cataractarum,2.167623060586091,6.979481062457902,10.573302469135802,0.994464629,0.000350491
wild_CATA,cataractarum,cataractarum,2.6293447555001883,6.051618545789491,11.341374269005842,0.9985380924190911,0.001924562
wild_CATA,cataractarum,cataractarum,3.0003181670824706,6.801434104281952,14.413858110187775,0.9979717415817949,0.000387838
wild_CATA,cataractarum,cataractarum,3.0057153844425404,6.346038865162465,13.843490304709137,0.9984596073849962,0.000154296
wild_CATA,cataractarum,cataractarum,2.687361883469241,5.906885384950506,11.22014465989535,0.9966620566936085,0.001353653
wild_CATA,cataractarum,cataractarum,2.3449469775880614,5.033466484002609,8.339506172839508,0.9957342502820005,0.000413446
wild_CATA,cataractarum,cataractarum,2.0604762249611177,4.581521608682552,6.555555555555554,0.992480076,0.001257177
wild_CATA,cataractarum,cataractarum,1.8228287236819671,4.395669091,5.5007716049382624,0.9886973772004063,0.000488543
wild_CATA,cataractarum,cataractarum,1.7831244295930921,4.475378246480616,5.598379629629639,0.9924619977317682,8.362789662848498e-05
wild_CATA,cataractarum,cataractarum,2.0693609094450602,5.058063197195734,7.165123456790134,0.9930114181295506,0.000284092
wild_CATA,cataractarum,cataractarum,1.443717017937391,4.49871642,4.346200000000003,0.9924235916548707,0.001593482
wild_CATA,cataractarum,cataractarum,1.2894908173636712,3.9020162599311243,3.3862000000000005,0.9903879435657383,0.00137478
wild_CATA,cataractarum,cataractarum,1.2917631214135068,3.9064719312195773,3.393200000000002,0.9923312029685221,0.000216132
wild_CATA,cataractarum,cataractarum,1.329121224,3.952288900074521,3.515800000000001,0.9866576395029616,0.000602749
wild_CATA,cataractarum,cataractarum,1.391742521027966,4.061060487229453,3.842399999999997,0.9898812027724562,0.000361612
wild_CATA,cataractarum,cataractarum,2.3434159412809983,5.66212771,9.673200000000005,0.9961594140165684,0.000574819
wild_CATA,cataractarum,cataractarum,1.952724365932734,5.989446549441111,8.371,0.9953366340420501,0.001621009
wild_CATA,cataractarum,cataractarum,2.2502104227175037,5.984471688,9.530321046373347,0.9965150054473441,0.003175935
wild_CATA,cataractarum,cataractarum,2.0814448049458845,4.847160836084594,7.128121284185493,0.9962230266246541,0.000498282
wild_CATA,cataractarum,cataractarum,2.133661247016387,4.707977439640624,7.1431331747919184,0.9969681455683068,0.000186029
wild_CATA,cataractarum,cataractarum,1.8258800786398754,4.087408851336091,5.307966706302015,0.9954308669887078,0.00022653
wild_CATA,cataractarum,cataractarum,2.673166258133401,7.586127192955563,13.869600000000004,0.9970656604822103,0.000364652
wild_CATA,cataractarum,cataractarum,3.197297293566709,9.096109575,19.826600000000017,0.9962975879421336,0.001991848
wild_CATA,cataractarum,cataractarum,3.161393232455194,8.364527032917508,18.296200000000006,0.995825675,0.000471513
wild_CATA,cataractarum,cataractarum,2.4111617752153265,7.123213508130456,11.905800000000005,0.9943776294372377,0.000415936
wild_CATA,cataractarum,cataractarum,2.8823641632982535,6.168065309380847,12.831599999999993,0.9974439376035016,0.002799483
wild_CATA,cataractarum,cataractarum,3.062212082845636,6.309263055912556,13.900600000000004,0.9987665337455873,0.001305209
wild_CATA,cataractarum,cataractarum,2.5701389404014794,6.566106603,11.7202,0.9972702494821126,0.00020883
wild_CATA,cataractarum,cataractarum,2.7562789579870577,6.1062156682262305,11.812399999999993,0.9961577925765672,0.000388036
wild_CATA,cataractarum,cataractarum,2.6391165959271916,5.560554415591176,10.87240000000001,0.9967149623630377,0.000690824
wild_CATA,cataractarum,cataractarum,2.686241073924963,6.463544390709233,12.489600000000015,0.9944383450517915,0.004044069
wild_CATA,cataractarum,cataractarum,3.036689392227883,7.452486569516998,15.845200000000006,0.996028163,0.000859773
wild_CATA,cataractarum,cataractarum,2.7320032570549593,7.544901238729257,14.743400000000001,0.9966009008728712,0.000113991
wild_CATA,cataractarum,cataractarum,2.3641912929980475,5.462517671223615,9.0788,0.9909696605185581,0.001061073
wild_CATA,cataractarum,cataractarum,2.6618880114962074,6.060611234744485,11.207799999999999,0.9926015032047345,0.000441825
wild_CATA,cataractarum,cataractarum,2.5087176476863133,6.221872550412293,11.135999999999996,0.9939113288398718,0.00042768
wild_CATA,cataractarum,cataractarum,2.7081680303778404,6.1716482691555274,11.654599999999988,0.9965928882248122,0.000780186
wild_CATA,cataractarum,cataractarum,2.6848746125332053,6.578994275782925,12.622799999999991,0.9952893783806317,0.001056825
wild_CATA,cataractarum,cataractarum,2.9639201298991007,8.584428555619054,18.327599999999997,0.99719959,0.000252673
wild_CATA,cataractarum,cataractarum,2.7934678203229018,7.181941142750459,14.406200000000005,0.9963076264590767,0.000204394
wild_CATA,cataractarum,cataractarum,2.3071957827203535,6.524632572,10.813599999999997,0.9962932607217806,0.000333762
wild_CATA,cataractarum,cataractarum,1.6467884689096075,4.790233199313217,5.577799999999993,0.9923655448965273,0.00207252
wild_CATA,cataractarum,cataractarum,2.0427007190808455,5.424508114893717,7.630800000000004,0.9953427616047117,0.000368399
wild_CATA,cataractarum,cataractarum,2.118470531191499,5.347158649,7.845800000000006,0.9955542962327358,0.002114064
wild_CATA,cataractarum,cataractarum,1.8715505322115242,5.750896393827066,7.338399999999997,0.9958374101238704,0.000683283
wild_CATA,cataractarum,cataractarum,2.302713651985843,5.947404977470158,9.644599999999999,0.9959050921993088,0.001191055
wild_CATA,cataractarum,cataractarum,2.120853806168812,7.562565945617125,11.166400000000003,0.9964941306669605,0.003293635
wild_CATA,cataractarum,cataractarum,2.610771836,8.12604735,14.316799999999995,0.9972464168455096,0.000273265
wild_CATA,cataractarum,cataractarum,2.946670143396517,8.029875175,16.53260000000002,0.9972342610942151,0.001157339
wild_CATA,cataractarum,cataractarum,2.629756788063564,8.123991271767622,14.29079999999999,0.9952375670077949,0.000214485
wild_CATA,cataractarum,cataractarum,2.9453365071617137,9.704283072646792,19.756200000000007,0.9972052740515557,0.00021345
wild_CATA,cataractarum,cataractarum,3.2918773116990834,8.622231226942521,19.474600000000017,0.9938046885573021,0.000232288
wild_CATA,cataractarum,cataractarum,2.608840091410327,6.9212665254076615,12.793800000000001,0.9955600480747046,0.001667717
wild_CATA,cataractarum,cataractarum,2.586031990021417,7.221955867917914,12.703199999999999,0.9930103511989746,0.000412807
wild_CATA,cataractarum,cataractarum,2.4303206123693712,5.46490588,9.632600000000004,0.9967581629085186,0.004613272
wild_CATA,cataractarum,cataractarum,2.2309895584879174,6.043845353167098,9.603399999999997,0.9961983393197618,0.001210404
wild_CATA,cataractarum,cataractarum,2.413594357926081,5.578838532234737,9.754600000000009,0.9974003524864413,0.002082497
wild_CATA,cataractarum,cataractarum,2.8024385566688723,6.668145116058561,13.301399999999997,0.9958316174492541,0.013697506361828517
wild_CATA,cataractarum,cataractarum,3.262574029102356,6.707771554973329,15.42360000000001,0.9951038024056881,0.001224667
wild_CATA,cataractarum,cataractarum,2.8500420578982304,6.064448575282739,12.249199999999993,0.9955783935765612,0.000277431
wild_CATA,cataractarum,cataractarum,2.755603011414348,5.704850635,10.931999999999993,0.988423004,0.001415649
wild_CATA,cataractarum,cataractarum,2.846384498940197,7.087894584656871,14.122799999999998,0.995701888,0.000360902
wild_CATA,cataractarum,cataractarum,3.0461091952394677,7.067803936480281,15.290999999999997,0.9977587898960063,0.000563497
wild_CATA,cataractarum,cataractarum,2.4401378786400065,5.7093260386761635,9.831199999999992,0.9967323159384229,0.00136489
wild_CATA,cataractarum,cataractarum,1.8686357344866216,4.401794531815504,5.452599999999994,0.988053574,0.000451521
wild_CATA,cataractarum,cataractarum,1.9955807059419381,4.421066537315595,5.940600000000001,0.9905492958275826,0.00013802
wild_CATA,cataractarum,cataractarum,2.8856904089176503,6.230038036150728,12.769600000000011,0.9965959393656281,0.000382141
wild_CATA,cataractarum,cataractarum,3.2374894275631663,7.492098723831134,17.578000000000003,0.9971083514692244,0.000489606
wild_CATA,cataractarum,cataractarum,2.2972655014954846,6.388877650135622,9.992999999999999,0.9967834132835341,0.000282719
wild_CATA,cataractarum,cataractarum,2.292156328057204,7.031421788794898,10.75940000000001,0.9965637083576588,0.001061194
wild_CATA,cataractarum,cataractarum,2.2411339034520155,5.581420645988948,8.755199999999995,0.997257159,0.000565444
wild_CATA,cataractarum,cataractarum,1.953103463118024,5.506309659197265,7.251600000000003,0.9951482537263646,9.743372580575992e-05
wild_CATA,cataractarum,cataractarum,2.1510817639228654,5.790759371115987,8.517399999999999,0.9952563415946909,0.000997459
wild_CATA,cataractarum,cataractarum,2.105355171229757,6.304767501973162,9.578999999999999,0.9951332803715114,0.001847709
wild_CATA,cataractarum,cataractarum,2.769050374781119,8.003179946585801,15.031800000000011,0.9969279715125351,0.000122465
wild_CATA,cataractarum,cataractarum,2.194813156398676,7.323984063215406,11.145600000000004,0.9948886884093845,0.001685565
wild_CATA,cataractarum,cataractarum,2.0864228099033815,6.414273581851219,9.457799999999997,0.9955699576819034,0.002097153
wild_CATA,cataractarum,cataractarum,2.6218525976488847,7.642819697481661,13.944399999999998,0.9966501876973175,0.001199648
wild_CATA,cataractarum,cataractarum,2.544554540363287,6.787515488126738,12.114000000000022,0.9961290134067644,0.000194633
wild_CATA,cataractarum,cataractarum,2.2314882120985597,6.709662730015095,10.199000000000003,0.9952086709157202,0.00244836
wild_CATA,cataractarum,cataractarum,2.3929235759639345,6.115757282142882,10.511399999999998,0.9972572671741236,0.000112023
wild_CATA,cataractarum,cataractarum,2.219919125380952,6.391599897044954,9.879599999999995,0.9964698533941141,0.001315684
wild_CATA,cataractarum,cataractarum,2.4940315589176745,6.570681908912047,11.270200000000006,0.9954367177311756,0.000587752
wild_CATA,cataractarum,cataractarum,2.145287647976599,4.903460242987997,7.544599999999997,0.9969943195252017,0.000179582
wild_CATA,cataractarum,cataractarum,2.0640201758532895,4.5050092155825165,6.436800000000003,0.9930371027112614,0.002512092
wild_CATA,cataractarum,cataractarum,2.4864637588462335,5.08191126,8.806199999999997,0.9975769922157275,0.000113725
wild_CATA,cataractarum,cataractarum,2.027491908526831,4.962867283684719,7.114399999999998,0.9941809581497493,0.000151905
wild_CATA,cataractarum,cataractarum,1.9440312426190163,5.9230175018247255,7.580799999999998,0.9917303991603443,0.000215658
wild_CATA,cataractarum,cataractarum,1.753877982127686,5.3647687893279326,6.345000000000001,0.9886492327418135,0.000783328
wild_CATA,cataractarum,cataractarum,2.4900914862486108,5.905766137,9.891400000000012,0.9925706417044715,0.001198245
wild_CATA,cataractarum,cataractarum,2.077655454022662,5.429416979364076,7.472200000000005,0.9940723197790245,0.001005632
wild_CATA,cataractarum,cataractarum,3.3706179991775174,7.4046440821385655,16.989799999999992,0.9951758526889621,0.002141116
wild_CATA,cataractarum,cataractarum,3.7451330077765617,7.792715967,20.527800000000006,0.997851372,0.000231079
wild_CATA,cataractarum,cataractarum,3.7049015526559512,8.098111761323947,20.658600000000014,0.9971033831753461,0.000478839
wild_CATA,cataractarum,cataractarum,3.215321211841327,7.666553855746145,17.28220000000001,0.994906201,0.001811189
wild_CATA,cataractarum,cataractarum,3.051099974573536,7.925231321263251,16.60799999999999,0.9938901975196639,0.000465634
wild_CATA,cataractarum,cataractarum,2.340803054897414,6.628694032681043,10.667800000000003,0.9953049313092376,0.000275223
wild_CATA,cataractarum,cataractarum,2.784835380388124,7.823391580251894,15.56780000000001,0.9970046045667862,0.001488962
wild_CATA,cataractarum,cataractarum,2.2707832696049506,6.227414052813937,10.122200000000001,0.9950685631129252,0.001615656
wild_CATA,cataractarum,cataractarum,2.1217166973793016,5.944921360758638,8.713599999999994,0.9954684097306801,0.000563763
wild_CATA,cataractarum,cataractarum,2.9198332382337746,6.922191817796528,13.635399999999997,0.9964106026979721,0.002145236
wild_CATA,cataractarum,cataractarum,2.876200342822531,7.423764057011455,14.240399999999976,0.9956711270786891,0.000207335
wild_CATA,cataractarum,cataractarum,3.110605235834598,7.237743714340623,14.9544,0.9952241180685722,0.00046277
wild_CATA,cataractarum,cataractarum,2.8638276842596992,6.0483436185514385,11.693600000000007,0.995966512,0.00206787
wild_CATA,cataractarum,cataractarum,3.4460959753804072,6.624101671674654,16.40620000000002,0.9975127472974802,0.000551448
wild_FOET,foetidum,foetidum,6.254778492826585,10.723292831277789,49.742002743484235,0.9984104543892006,0.000544517
wild_FOET,foetidum,foetidum,5.399203109358789,10.705159369455632,42.37026063,0.9977424472727796,0.002550959
wild_FOET,foetidum,foetidum,4.368956616404458,8.046737136237153,26.39747449,0.9988814402193537,0.002501389
wild_FOET,foetidum,foetidum,4.324153730960301,6.667597661292898,21.990841836734702,0.9973536137861169,0.003996827
wild_FOET,foetidum,foetidum,3.7748801482787675,8.614449431834089,23.398681640625014,0.9958749764728265,0.002195345
wild_FOET,foetidum,foetidum,3.266880051907214,7.651317664681066,17.691528320312507,0.9977840528602296,0.00199181
wild_FOET,foetidum,foetidum,5.016254013500909,8.220833100775364,28.941527777777758,0.9959764118127169,0.002097653
wild_FOET,foetidum,foetidum,4.767189576690729,7.809360948081883,26.161250000000003,0.9935531496264884,0.000442291
wild_FOET,foetidum,foetidum,4.878219347583025,7.955594689538978,27.69583333,0.9955199229306491,0.000734826
wild_FOET,foetidum,foetidum,3.2007272615907634,6.033663312920945,13.993194444444452,0.9978990330843982,0.00030148
wild_FOET,foetidum,foetidum,3.2710563966308026,5.485390436035203,13.026527777777769,0.998010409,0.000893328
wild_FOET,foetidum,foetidum,3.5744525620675502,6.350719943017118,16.52600000000001,0.9979334214976369,0.001259688
wild_FOET,foetidum,foetidum,3.4586283854311155,5.158508721119617,13.297066666666645,0.9980907135797189,0.002364674
wild_FOET,foetidum,foetidum,3.3624592421723207,6.30169164,15.82404444444445,0.9977056402252006,0.002339214
wild_FOET,foetidum,foetidum,3.907134214395292,5.909207601047914,17.371377777777802,0.9971375474847345,0.004134555
wild_FOET,foetidum,foetidum,3.8219951712818503,5.701347302093954,16.375377777777775,0.9983664710854077,0.00245258
wild_FOET,foetidum,foetidum,3.356979974422746,5.479021879,13.395198522622355,0.9982790294988166,0.001179163
wild_FOET,foetidum,foetidum,3.3674585704112854,4.958197879921965,12.744652200677098,0.9979024531516918,0.002794673
wild_FOET,foetidum,foetidum,5.2456327392444955,10.202907979696281,36.6906,0.9959996411408621,0.000230911
wild_FOET,foetidum,foetidum,5.8289528021937205,11.227546998313525,46.106600000000036,0.9986199471261651,0.000274486
wild_FOET,foetidum,foetidum,5.039933473298421,8.855293168055567,32.39079999999996,0.9971988361836731,0.004884086
wild_FOET,foetidum,foetidum,5.640464190090476,10.328509354024337,43.39659999999999,0.9980391735079644,0.00143268
wild_FOET,foetidum,foetidum,4.6290633316206025,8.144798776491557,26.945800000000034,0.997560608,0.001273747
wild_FOET,foetidum,foetidum,5.758761072261299,8.947505688261167,38.694800000000015,0.9984044175772135,0.000345749
wild_FOET,foetidum,foetidum,5.469125204553131,9.123430388,36.991400000000006,0.9975955256402625,0.00027879
wild_FOET,foetidum,foetidum,4.505302497,8.186699708669622,26.813200000000023,0.9981197043977744,0.000784494
wild_FOET,foetidum,foetidum,4.5862347192652795,9.163118357632342,29.329600000000056,0.9972222747935969,0.000187176
wild_FOET,foetidum,foetidum,4.440672160767195,8.923109800976185,28.416600000000006,0.9958614896693093,0.007745537
wild_FOET,foetidum,foetidum,4.925628797374645,9.923599607535115,34.34100000000001,0.9961751198580171,0.000834276
wild_FOET,foetidum,foetidum,4.4233465607541405,7.895760526042828,25.14560000000001,0.9934333339713434,0.012332813567859716
wild_FOET,foetidum,foetidum,4.531079867211574,8.167213990927591,26.54399999999998,0.9951088027030589,0.011616617517966702
wild_FOET,foetidum,foetidum,4.272295817597508,8.452442542892289,24.85779999999998,0.9914088051845762,0.000909356
wild_FOET,foetidum,foetidum,3.695357455453525,8.043677416631681,21.066000000000017,0.9973671725116557,0.000838115
wild_FOET,foetidum,foetidum,3.8692580538345798,7.675155252964721,21.56759999999998,0.998007131,0.001117432
wild_FOET,foetidum,foetidum,4.083598027475686,8.662317344714317,25.032200000000024,0.9964256141185251,0.001058421
wild_FOET,foetidum,foetidum,4.060804128168135,8.485119536111549,24.53539999999998,0.9983491547175448,0.001080421
wild_FOET,foetidum,foetidum,4.171912567835198,9.303178283632253,27.79200000000003,0.9976381240233074,0.000536067
wild_FOET,foetidum,foetidum,4.8191118503100565,8.706763495571906,30.607222222222212,0.9980245822385823,0.00150188
wild_FOET,foetidum,foetidum,4.757341518724206,7.981629555022394,27.973888888888887,0.9979155154442266,0.000630087
wild_FOET,foetidum,foetidum,5.292251641171538,9.161884817429044,35.56833333,0.9972679730949466,0.000223146
wild_FOET,foetidum,foetidum,4.986950705594387,8.643639857594561,31.71388888888894,0.9985901114565526,0.000578462
wild_FOET,foetidum,foetidum,5.267353103444821,9.201194034751179,36.48055555555551,0.9977424948980658,0.000996814
wild_FOET,foetidum,foetidum,4.660165819874439,8.504891685776132,28.259999999999984,0.9972700585776977,0.001755897
wild_GRAC,gracilipes,gracilipes,3.7248979354810725,8.810915897756079,21.72062625682272,0.9946893984974705,0.002417522
wild_GRAC,gracilipes,gracilipes,3.614155337773707,9.571905409,23.354890835966675,0.9946104771679305,0.000546507
wild_GRAC,gracilipes,gracilipes,3.975219727339934,10.342121834733204,27.794060614765883,0.9918493883355256,0.002350605
wild_GRAC,gracilipes,gracilipes,4.930490009437221,11.82470121381775,41.90120000000002,0.9947571583516763,0.001081098
wild_GRAC,gracilipes,gracilipes,4.739303372890123,11.879256518836687,38.9208,0.9960836176699512,0.000229756
wild_GRAC,gracilipes,gracilipes,5.2297368691303365,11.917749688936238,43.450399999999995,0.9950555527478283,0.003261338
wild_GRAC,gracilipes,gracilipes,6.532146139101642,13.576524078271683,61.24780000000001,0.9949945089521867,0.001699094
wild_GRAC,gracilipes,gracilipes,5.4012582720031945,12.796207768319963,45.075600000000044,0.9882079040900993,0.002093335
wild_GRAC,gracilipes,gracilipes,6.079594098348942,13.71298456733237,55.83000000000001,0.992160447,0.000206134
wild_GRAC,gracilipes,gracilipes,5.041025159131763,15.156177190154416,52.543055555555526,0.9959608055114152,0.00022928
wild_GRAC,gracilipes,gracilipes,3.717876731820785,9.302604577032941,22.137771448914215,0.9852227520450807,0.000499394
wild_GRAC,gracilipes,gracilipes,5.653912814668995,12.549326105811813,48.74884300462802,0.9901959300117074,0.00193111
wild_GRAC,gracilipes,gracilipes,4.923431823399909,10.326736350516725,33.97187611249555,0.9887499692429885,0.000961924
wild_GRAC,gracilipes,gracilipes,5.678977998291984,10.825954294971336,41.08988964044143,0.9920422079823551,0.000925941
wild_GRAC,gracilipes,gracilipes,5.094103890638195,11.006270652087768,37.69953720185116,0.9943062352731767,0.000408773
wild_GRAC,gracilipes,gracilipes,4.005295374144076,14.251169816946396,35.42560000000002,0.9813162410179499,0.000131158
wild_GRAC,gracilipes,gracilipes,3.8113245009573458,13.90194649633324,31.098600000000015,0.9739887924468653,0.000903358
wild_GRAC,gracilipes,gracilipes,4.273476072,14.671998382509269,38.44999999999999,0.9764135208071476,0.0002348
wild_GRAC,gracilipes,gracilipes,4.931725977,15.509423206788053,52.12779999999999,0.9966838579839832,9.430017616518739e-05
wild_GRAC,gracilipes,gracilipes,5.6631537198409045,17.81436803352555,71.63000000000005,0.9966684585880642,0.001832971
wild_GRAC,gracilipes,gracilipes,4.823595397865992,14.348737051601386,48.68459999999999,0.9979220964198601,0.000983637
wild_GRAC,gracilipes,gracilipes,4.5106218079642995,14.466275675655297,45.050000000000026,0.997916288,0.001522273
wild_GRAC,gracilipes,gracilipes,4.754727056896197,14.70819404224219,48.26739999999998,0.9975028399655657,0.000514799
wild_GRAC,gracilipes,gracilipes,7.161809222015053,14.703541831647993,71.34640000000002,0.987311305,0.001165528
wild_GRAC,gracilipes,gracilipes,6.341713144036054,14.733659052852175,64.41919999999995,0.9943149746036597,9.432326848231366e-05
wild_GRAC,gracilipes,gracilipes,5.9484176109734515,14.742887985812231,61.5166,0.9929270254431898,0.001948285
wild_GRAC,gracilipes,gracilipes,6.425749802935703,15.938509360936362,64.80120000000002,0.97926103,0.002321529
wild_GRAC,gracilipes,gracilipes,6.231401578785725,17.660520530104186,77.82319999999997,0.9978036356693395,0.000131939
wild_GRAC,gracilipes,gracilipes,5.940688262448251,17.061683505886734,67.74339999999994,0.9965146032141534,0.000239109
wild_GRAC,gracilipes,gracilipes,6.134895721232002,17.685812210656138,70.87999999999998,0.9784462859516202,0.000112436
wild_GRAC,gracilipes,gracilipes,5.128550741534131,13.52990440500373,46.38060000000002,0.9778237445043813,0.001265444
wild_GRAC,gracilipes,gracilipes,6.773345337546766,17.605285083571086,80.7802,0.9833616868297633,0.000111414
wild_GRAC,gracilipes,gracilipes,3.6608080438969672,15.916775311177066,39.210600000000056,0.9832353283698613,0.001312905
wild_GRAC,gracilipes,gracilipes,4.596631841029062,16.685423953126858,51.77399999999997,0.9905485713000206,0.000229232
wild_GRAC,gracilipes,gracilipes,4.905919531396894,18.353650946982086,61.0828,0.9944413781697348,0.000116454
wild_GRAC,gracilipes,gracilipes,3.0516230680752328,10.154289369252165,20.771600000000024,0.9883684195118477,0.001781562
wild_GRAC,gracilipes,gracilipes,2.884282223100149,9.861467526619643,19.07120000000002,0.9942314884640809,0.000333887
wild_GRAC,gracilipes,gracilipes,7.465657940114721,15.565427280618735,82.8472,0.9980576011362564,6.231295232204915e-05
wild_GRAC,gracilipes,gracilipes,4.565397660970566,11.310609158476964,35.519600000000004,0.9942878501224046,0.000562945
wild_GRAC,gracilipes,gracilipes,4.878189263339291,13.866947522281285,47.12220000000001,0.9965528907033854,0.001578565
wild_GRAC,gracilipes,gracilipes,4.4325991283250055,11.14581057603623,35.483800000000016,0.9948886344580555,0.000318908
wild_GRAC,gracilipes,gracilipes,3.5649917664052215,10.800870770306775,26.628199999999985,0.995304492,0.000448761
wild_GRAC,gracilipes,gracilipes,3.442121957,11.258914037733872,25.17399999999999,0.9908771436667395,0.000950545
wild_GRAC,gracilipes,gracilipes,3.057607068793221,10.68972050023908,21.8902,0.9942396133018598,0.00066934
wild_GRAC,gracilipes,gracilipes,4.479398877385371,11.182991762066301,35.46239999999998,0.9972237832992844,0.000245837
wild_GRAC,gracilipes,gracilipes,3.9225484465593716,10.66811455386213,29.113999999999994,0.9920040268422622,0.000200272
wild_GRAC,gracilipes,gracilipes,4.805023635,17.52096757924449,52.50339999999999,0.9851720441677948,0.000492579
wild_GRAC,gracilipes,gracilipes,5.499831063542562,18.697898700940446,65.42340000000002,0.9863731262417218,0.000192366
wild_GRAC,gracilipes,gracilipes,5.415853341423771,18.409429562583853,62.34040000000006,0.9820642126202005,0.002409429
wild_GRAC,gracilipes,gracilipes,4.316659242796362,11.226703854790255,32.35920000000002,0.9958473728737769,0.000307986
wild_GRAC,gracilipes,gracilipes,4.593331298697618,12.752801089068518,40.686400000000035,0.9963180112991777,0.000220018
wild_GRAC,gracilipes,gracilipes,6.454835294326362,13.174773257306331,57.07920000000004,0.9977720173797622,0.002438032
wild_GRAC,gracilipes,gracilipes,6.322971764379818,14.706726927915131,61.49420000000005,0.9971804658648143,0.001085338
wild_GRAC,gracilipes,gracilipes,5.594730495487701,17.55997377665722,66.61020000000008,0.9929129699219945,0.000448528
wild_GRAC,gracilipes,gracilipes,3.8481062183197503,9.382592452,23.438200000000005,0.9910155874729671,0.00078027
wild_GRAC,gracilipes,gracilipes,4.7468300584762435,10.962884503776406,35.78379999999996,0.9934436724915447,0.001667803
wild_GRAC,gracilipes,gracilipes,4.021249423176585,10.783252333524882,29.122600000000013,0.9849412689050473,0.000908288
wild_GRAC,gracilipes,gracilipes,3.917133632933747,11.10467972,27.2098,0.9836624558549789,0.000892341
wild_GRAC,gracilipes,gracilipes,3.985193766418135,10.231717701450922,26.904999999999994,0.9838274133887209,0.00316917
wild_GRAC,gracilipes,gracilipes,3.7567608222087276,12.574499613243713,30.46840000000001,0.9896617457858609,0.000830933
wild_GRAC,gracilipes,gracilipes,6.604480992403804,18.739102969713684,79.58959999999989,0.981042465,0.000372296
wild_GRAC,gracilipes,gracilipes,5.125796674704986,12.633580323574215,45.490200000000065,0.9950937989981118,0.000732409
wild_GRAC,gracilipes,gracilipes,5.2554540270797645,11.525129229777605,42.26140000000001,0.9972485925887272,0.000294884
wild_GRAC,gracilipes,gracilipes,5.109856787707152,13.325493087328958,47.91819999999998,0.9969177809372453,0.000831744
wild_GRAC,gracilipes,gracilipes,5.015176224638126,13.830425036466112,49.90939999999998,0.9959030486326743,0.004375446
wild_GRAC,gracilipes,gracilipes,4.453628152178553,12.329472765889797,39.80439999999996,0.9973511412107444,0.000840805
wild_GRAC,gracilipes,gracilipes,3.2541469178362714,8.791923749858505,19.832000000000008,0.9968054365772809,0.000556529
wild_GRAC,gracilipes,gracilipes,4.547470938510174,11.603861291149219,36.27659999999999,0.995362016,0.000944261
wild_GRAC,gracilipes,gracilipes,4.471649923984396,10.065338537556652,31.44980000000003,0.9966737145187662,0.000406852
wild_GRAC,gracilipes,gracilipes,4.3978168980917065,10.766310467497593,32.16079999999999,0.9932886214009178,0.00066169
wild_GRAC,gracilipes,gracilipes,4.606424828476111,10.428517253820091,32.674999999999955,0.9941630730821956,0.000591265
wild_GRAC,gracilipes,gracilipes,4.860826443722759,12.808218335422108,43.782599999999945,0.9879405931188964,0.001014682
wild_GRAC,gracilipes,gracilipes,5.379213987056184,12.044259917105421,44.36019999999998,0.9894776019845806,0.000674238
wild_GRAC,gracilipes,gracilipes,4.840955210594156,12.879490963940826,42.32400000000007,0.9946117300602112,0.000884729
wild_GRAC,gracilipes,gracilipes,4.0590729153976355,9.989700752713532,27.8242,0.9942078700563317,0.000416538
wild_GRAC,gracilipes,gracilipes,4.803380121882235,12.585329916200418,41.258199999999974,0.9925646362473051,0.000421459
wild_GRAC,gracilipes,gracilipes,4.762259508983602,13.96612495000729,46.63299999999998,0.9958319476742659,0.001150735
wild_GRAC,gracilipes,gracilipes,4.682872649681702,14.359685310763119,45.28679999999996,0.9913024041246082,0.000383061
wild_GRAC,gracilipes,gracilipes,5.048442990931207,12.443840951623427,44.42640000000006,0.9982660163341658,0.005446468
wild_GRAC,gracilipes,gracilipes,4.239836635499235,10.752282096681496,31.671199999999978,0.9961410878064847,0.000130369
wild_GRAC,gracilipes,gracilipes,3.2437199947048896,8.103608025522156,19.027800000000028,0.9957635861681444,0.000506263
wild_GRAC,gracilipes,gracilipes,3.457398010757514,8.356040732,19.867000000000015,0.9949547679075577,0.002709136
wild_GRAC,gracilipes,gracilipes,4.420388459372938,8.488581151,26.98899999999999,0.996697811,0.000124318
wild_GRAC,gracilipes,gracilipes,4.797131696014405,10.050024384732012,34.37440000000005,0.9958920019980889,0.000218968
wild_GRAC,gracilipes,gracilipes,4.163567746300832,9.063359786874237,25.610000000000014,0.9940139346383878,0.000578378
wild_GRAC,gracilipes,gracilipes,4.994183572489586,13.439606580281891,44.53436576189195,0.9933734292000472,0.002231118
wild_GRAC,gracilipes,gracilipes,4.8467388409420895,12.992624896381546,43.819571351787175,0.9957201641908573,0.001028348
wild_GRAC,gracilipes,gracilipes,4.669791962804364,11.928487603070506,38.82491265788764,0.9974053505696923,0.003502862
wild_GRAC,gracilipes,gracilipes,5.552645379778718,15.330097628853881,58.62927083333323,0.9944942683722202,0.00155673
wild_GRAC,gracilipes,gracilipes,4.703537481833157,13.686626647097071,43.20399305555553,0.9859796479942886,0.004299509
wild_GRAC,gracilipes,gracilipes,4.815579507137267,12.143464026350507,40.69583333333333,0.9950464954350706,0.0005493
wild_GRAC,gracilipes,gracilipes,4.114341866507992,10.34738583876196,29.988819444444438,0.9962298756869863,0.001706656
wild_GRAC,gracilipes,gracilipes,4.592621599237907,11.356746699338391,36.535833333333336,0.9960538714921472,0.001134159
wild_GRAC,gracilipes,gracilipes,5.969203810575625,12.28086482590091,50.49808756232501,0.9961632458472547,0.000855642
wild_GRAC,gracilipes,gracilipes,6.365526516080758,13.62711719502181,60.69117546615662,0.9964422910961526,0.000351277
wild_GRAC,gracilipes,gracilipes,5.579083298158109,11.27337304,42.671914486715394,0.9964520728622465,0.000161297
wild_GRAC,gracilipes,gracilipes,4.756854589657187,11.819234364495045,39.27140000000002,0.9946824588571385,0.002175077
wild_GRAC,gracilipes,gracilipes,6.427640837715086,15.669595348193916,72.24439999999993,0.9981685770149021,0.002967803
wild_GRAC,gracilipes,gracilipes,4.755572625891411,13.052846086331645,39.9564,0.988186583,0.000148289
wild_GRAC,gracilipes,gracilipes,5.196536804992782,12.759850639221563,43.29520000000003,0.9839301752578276,0.000371817
wild_GRAC,gracilipes,gracilipes,5.135577279749862,12.378601852367925,43.15559999999995,0.9950850632576447,0.000898432
wild_GRAC,gracilipes,gracilipes,4.516152022512334,11.506391006626306,35.95519999999997,0.9957891726355786,0.000423603
wild_GRAC,gracilipes,gracilipes,4.5780005771251435,10.279690334897138,34.5686,0.9971986593176355,0.000347155
wild_GRAC,gracilipes,gracilipes,5.369114436040129,13.23739608439736,51.08140000000003,0.9983332129144791,0.000114589
wild_GRAC,gracilipes,gracilipes,7.201028185679324,16.12871940882903,78.55480000000009,0.9938533064681809,0.003054954
wild_GRAC,gracilipes,gracilipes,4.061280814144353,9.487098389508727,27.20600000000003,0.9972079382325952,0.00010516
wild_GRAC,gracilipes,gracilipes,4.412137153768462,10.385418857591619,32.239200000000004,0.9980064298851551,0.000113589
wild_GRAC,gracilipes,gracilipes,3.0783126685810966,6.868846751223532,14.58286092214664,0.9983092592231464,0.002548108
wild_GRAC,gracilipes,gracilipes,3.1959846767569218,7.285786929421526,16.39269967246156,0.9959790718065216,0.001582557
wild_GRAC,gracilipes,gracilipes,5.719940950364084,17.278069096424048,67.01419999999999,0.9908205541016278,0.000161268
wild_GRAC,gracilipes,gracilipes,6.123747078,18.504465661382376,78.55199999999994,0.99413353,0.003392633
wild_GRAC,gracilipes,gracilipes,5.041005782753143,14.324062651271298,48.04419999999999,0.9904991177646263,0.001249428
wild_GRAC,gracilipes,gracilipes,5.555454707873899,16.152212432925555,63.312800000000074,0.9934205550181032,0.000926861
wild_GRAC,gracilipes,gracilipes,4.651751015521295,11.095992107071831,33.00922866992246,0.9881288766519442,0.000953923
wild_GRAC,gracilipes,gracilipes,3.926451831155515,10.09920423005289,24.56230249928179,0.9819084244946034,0.000533823
wild_GRAC,gracilipes,gracilipes,4.167339809378683,11.010607379592138,28.477951738006304,0.9804586649077169,0.002212436
wild_GRAC,gracilipes,gracilipes,4.129200881167343,10.70851309588599,28.82551709278943,0.9902364399885156,0.000419366
wild_GRAC,gracilipes,gracilipes,5.323285927113551,13.969382625430736,54.47698218902607,0.9951662670694311,0.00033609
wild_GRAC,gracilipes,gracilipes,4.921888238,10.861961752122197,38.89133869577708,0.9986690954568244,0.000405494
wild_GRAC,gracilipes,gracilipes,4.740972339409935,12.17120762975695,39.43353203102556,0.9950159902573192,0.00206738
wild_GRAC,gracilipes,gracilipes,4.542641316663743,11.259258132774598,35.05417814508723,0.9930933266864699,0.002218485
wild_GRAC,gracilipes,gracilipes,5.506669478322557,13.111524043866115,50.62877046825626,0.9968491966369283,0.000389746
wild_GRAC,gracilipes,gracilipes,5.082712274433159,13.176598493087477,44.34020396437802,0.9905885391456355,0.007398024
wild_GRAC,gracilipes,gracilipes,4.726716452796585,14.140536522683465,45.3046875,0.9942398997260511,0.000455033
wild_GRAC,gracilipes,gracilipes,2.261441416991819,8.508368806048225,11.70360000000002,0.9818886880891178,0.001160419
wild_GRAC,gracilipes,gracilipes,2.7988127163384497,9.510949699124033,17.627000000000017,0.9869611585213752,0.001484208
wild_GRAC,gracilipes,gracilipes,3.632564329186944,11.323900380296216,26.880000000000003,0.9921955986652341,0.000445927
wild_GRAC,gracilipes,gracilipes,5.094445148646488,14.603419262914702,49.757999999999925,0.9953158907761098,0.001885722
wild_GRAC,gracilipes,gracilipes,3.5612258802931946,11.209998160338852,25.512999999999952,0.9780784109935557,0.006013388
wild_GRAC,gracilipes,gracilipes,3.3029525350357165,11.60767992538182,25.263400000000008,0.9914323520301056,0.002589448
wild_GRAC,gracilipes,gracilipes,3.691821315995478,11.797490795973001,27.831999999999997,0.9852519031624791,0.001662794
wild_GRAC,gracilipes,gracilipes,3.7482311649963407,11.83057642936221,28.658800000000028,0.9916400206996143,0.000188018
wild_GRAC,gracilipes,gracilipes,4.558719350229405,11.596953817995164,36.204577664399125,0.9965961625189852,0.003579478
wild_GRAC,gracilipes,gracilipes,3.5257796680402835,8.961372047876505,22.00141723,0.9919882476457302,0.001303148
wild_GRAC,gracilipes,gracilipes,4.827822775,15.72019951792719,50.96554709141275,0.9954150343218109,0.00026198
wild_GRAC,gracilipes,gracilipes,5.182946951779587,15.417926604131381,52.82055055401665,0.9963744398079787,0.000935197
wild_GRAC,gracilipes,gracilipes,4.949632850443313,13.558627756810512,46.45030810107978,0.9952250074534517,0.001824671
wild_GRAC,gracilipes,gracilipes,5.710017152763076,14.317643962252841,57.31004756242571,0.993433921,0.000230816
wild_GRAC,gracilipes,gracilipes,5.870463808685204,14.117094194692019,57.053210463733606,0.9937839499337038,0.000156306
wild_GRAC,gracilipes,gracilipes,5.699086169922136,15.243111525061217,62.006093935790716,0.9895483505441739,0.001205868
wild_GRAC,gracilipes,gracilipes,4.390441671709247,11.408148268669498,33.86251486,0.990480485,0.000685948
wild_GRAC,gracilipes,gracilipes,3.468055965158448,12.981503724119257,26.601403061224488,0.9647017824499461,0.00032435
wild_GRAC,gracilipes,gracilipes,4.107711717463338,13.725896545035027,37.23246173469384,0.986974439,0.00015792
wild_GRAC,gracilipes,gracilipes,4.6002722222146915,15.352113818213228,43.59331154336734,0.9856563188688165,9.339582444878243e-05
wild_GRAC,gracilipes,gracilipes,4.573930236258814,13.727605934955236,40.240232691755246,0.9860985087496105,0.00068257
wild_GRAC,gracilipes,gracilipes,4.716467621875648,13.78178898075313,42.10647084171217,0.9914854104755706,0.001037107
wild_GRAC,gracilipes,gracilipes,3.272368042859369,8.269015435566878,17.767106842737096,0.9944792723984232,0.00036974
wild_GRAC,gracilipes,gracilipes,2.831010689433799,7.684864351829309,14.702422145328729,0.9943200215645946,0.000610622
wild_GRAC,gracilipes,gracilipes,3.682866175548394,9.319420535148346,22.98697125909186,0.9940992133027969,0.001197954
wild_GRAC,gracilipes,gracilipes,2.655974637576475,7.7149535605549495,13.28377233246239,0.9951450319746772,0.000155818
wild_GRAC,gracilipes,gracilipes,5.928391679072275,14.56658079184179,55.72826530612246,0.9763101563163934,0.000188317
wild_GRAC,gracilipes,gracilipes,7.090088035862031,18.558200449911222,85.95704081632653,0.9790984163874347,0.000440834
wild_GRAC,gracilipes,gracilipes,5.320422949634613,16.59358045710723,64.21431660899657,0.9962573778072338,0.003156349
wild_GRAC,gracilipes,gracilipes,4.348480321141775,11.13017743580506,33.63019031141867,0.9928959027537309,0.003275354
wild_GRAC,gracilipes,gracilipes,4.8449620646602565,12.42749563078674,40.25378460207607,0.9922209668014845,0.00340893
wild_GRAC,gracilipes,gracilipes,4.816739363019462,12.912517366083504,42.597642733564086,0.9958590355266213,0.000302057
wild_GRAC,gracilipes,gracilipes,5.139290159711971,15.067719925459679,52.92428571,0.9925490078547377,0.000198609
wild_GRAC,gracilipes,gracilipes,5.400624928007716,15.485000084977695,58.49693877551021,0.9961458813304326,0.000455046
wild_GRAC,gracilipes,gracilipes,5.218366557,15.135326663723504,52.00265306122449,0.9879208705647192,0.000502001
wild_GRAC,gracilipes,gracilipes,2.9772812881332555,7.485082748976788,15.03234863,0.9968202023038352,0.002458372
wild_GRAC,gracilipes,gracilipes,3.3788221879895697,7.804632703667017,18.58962962962964,0.9970319824595321,0.003430455
wild_GRAC,gracilipes,gracilipes,4.022958592,9.013060808327584,25.77641975308643,0.9961574697384435,0.000457686
wild_GRAC,gracilipes,gracilipes,4.057305060441239,9.353978193439751,27.536913580246903,0.9972102586652162,0.004272216
wild_GRAC,gracilipes,gracilipes,5.503744439393345,15.033974727896371,56.30278061224479,0.995904244,0.001453536
wild_GRAC,gracilipes,gracilipes,5.188452249974598,14.014794900869607,47.990841836734695,0.9925702351259511,0.000239258
wild_GRAC,gracilipes,gracilipes,5.003485052916927,14.241541982906346,46.23505102040814,0.9909273119078784,0.000540542
wild_GRAC,gracilipes,gracilipes,4.899053906,12.227298217170915,39.58864795918363,0.9936242177274067,0.00012557
wild_GRAC,gracilipes,gracilipes,5.551622885881948,13.767422115438567,54.67319999999997,0.9944320298880206,0.000113901
wild_GRAC,gracilipes,gracilipes,5.7883707879046895,14.689972937447147,58.442600000000006,0.9930289005923197,0.001225461
wild_GRAC,gracilipes,gracilipes,4.730863742,11.213531188622497,37.55624971076867,0.9988608180746339,0.000763624
wild_GRAC,gracilipes,gracilipes,4.7253614010885325,11.326015619971985,37.00948678791245,0.9985878536962832,0.000473338
wild_GRAC,gracilipes,gracilipes,6.615118073169445,15.052234055994774,73.83570312500005,0.9982908490094677,0.000451646
wild_GRAC,gracilipes,gracilipes,3.8284336452851955,9.233447124561629,24.2746875,0.9972049480408357,0.001047106
wild_GRAC,gracilipes,gracilipes,3.114635299989339,6.464526118895794,13.841484375000004,0.9953900193903782,0.000772151
wild_GRAC,gracilipes,gracilipes,3.5818139194900755,7.394414096817442,17.70031249999998,0.9962378708322772,0.000412264
wild_GRAC,gracilipes,gracilipes,6.061322952895822,15.496031962409983,63.25982513850412,0.9955560068765981,0.000363385
wild_GRAC,gracilipes,gracilipes,5.322706749622988,17.65967668857312,63.41750891795471,0.9927883348511227,0.000315346
wild_GRAC,gracilipes,gracilipes,6.674685204918333,16.332724673373974,74.49955410225927,0.995118839,0.00056038
wild_GRAC,gracilipes,gracilipes,5.434725545918418,16.380849047572006,59.277812500000095,0.9917577928132252,0.000274504
wild_GRAC,gracilipes,gracilipes,4.862131742579265,15.399967646487429,49.300000000000004,0.9858811044240752,0.000747606
wild_GRAC,gracilipes,gracilipes,4.845577567924599,14.558149157392247,48.717812499999965,0.9938221423414301,0.000996867
wild_GRAC,gracilipes,gracilipes,5.310618113408498,16.86988281449286,60.07625,0.9866330087307579,0.000570744
wild_GRAC,gracilipes,gracilipes,4.252709139151381,13.950301716344011,37.035397376543216,0.9784523528410111,0.000884732
wild_GRAC,gracilipes,gracilipes,3.654512393799663,11.537470603389188,25.538990162037038,0.9837705417404815,0.000326083
wild_GRAC,gracilipes,gracilipes,3.225144190885283,11.270764493411836,21.60120081018518,0.9811966005295639,0.000745027
wild_GRAC,gracilipes,gracilipes,2.810292220648247,10.897147984950024,18.345534336419767,0.9774217013298735,0.001259122
wild_GRAC,gracilipes,gracilipes,3.8694051283656994,12.340711868464112,29.88360110803324,0.9759714365881496,0.003471439
wild_GRAC,gracilipes,gracilipes,3.3824938888868434,10.86127620004061,21.792188365650958,0.9832674910390831,8.080122680157596e-05
wild_GRAC,gracilipes,gracilipes,4.3956719081543785,10.071342267816412,30.666705140043067,0.9978506065600472,0.000321351
wild_GRAC,gracilipes,gracilipes,4.070163261995903,10.254906715159672,28.357302246845194,0.9984261344151363,0.000105038
wild_GRAC,gracilipes,gracilipes,5.808131285046408,17.106932329442852,65.26697530864202,0.981868628,0.000234362
wild_GRAC,gracilipes,gracilipes,6.637920226276462,17.092565819208023,75.21643518518516,0.9787579383824094,0.00095803
wild_GRAC,gracilipes,gracilipes,4.747004556488694,12.712105243909324,42.02006172839506,0.9954545253186536,0.001333773
wild_GRAC,gracilipes,gracilipes,5.368291603044783,16.613418862557282,62.32793209876541,0.9963943935675516,0.000514977
wild_GRAC,gracilipes,gracilipes,5.600540702978352,15.613578238657823,59.865740740740705,0.9908923885546955,0.000967042
wild_GRAC,gracilipes,gracilipes,6.1587041758306835,16.612309303461842,72.88927469135797,0.9942586267329006,0.00063844
wild_GRAC,gracilipes,gracilipes,4.963661722,14.779166407568473,50.56365740740743,0.9916983978257178,0.000277543
wild_GRAC,gracilipes,gracilipes,5.1858407585867115,15.624020303770356,55.170910493827094,0.990356954,0.000465968
wild_GRAC,gracilipes,gracilipes,4.7677398955860255,14.543259735044987,45.91666666666667,0.9901157137014884,0.002728018
wild_GRAC,gracilipes,gracilipes,5.0483248449374925,14.572578251116784,50.358796296296276,0.9929665638186855,0.000580822
wild_LINE,lineolatum,lineolatum,1.7728498028223896,3.2620592263772314,4.182681329247041,0.9986450502596689,0.000634287
wild_LINE,lineolatum,lineolatum,1.8248119261078466,2.692310083348443,3.626975542335191,0.9991392243718165,0.001210535
wild_LINE,lineolatum,lineolatum,1.7199417998806275,2.7545851347970447,3.637401598461623,0.998934869,0.000561841
wild_LINE,lineolatum,lineolatum,1.9971337692793834,3.1525234429384934,4.581665765278531,0.9988018441121543,0.000561765
wild_LINE,lineolatum,lineolatum,1.9838033817342133,3.713728530505482,5.463073132624245,0.9985047139511601,0.002591261
wild_LINE,lineolatum,lineolatum,2.1123963702411515,7.675962058129933,11.303459697371713,0.9977423684190395,0.000206071
wild_LINE,lineolatum,lineolatum,2.1169433524689905,6.659153564581281,10.204151950589846,0.9958659074435794,0.002708925
wild_LINE,lineolatum,lineolatum,1.4356669836079397,4.782265794999276,4.888828256660334,0.9932717355108571,0.007900248
wild_LINE,lineolatum,lineolatum,1.978527843691646,6.531229353490563,9.562405876869018,0.9958920894915476,0.001376058
wild_LINE,lineolatum,lineolatum,1.7834566675903027,3.829020018392029,4.5624303853865005,0.9914373348425614,0.001372915
wild_LINE,lineolatum,lineolatum,1.8122551836516227,3.7974703937966323,4.8879204722655505,0.9967505964659417,0.000907996
wild_LINE,lineolatum,lineolatum,1.952365914980718,3.8911599748785415,5.188683448429494,0.9953106175886749,0.000960963
wild_LINE,lineolatum,lineolatum,2.032448620243745,3.8804897394736564,5.240170416573849,0.9964084766890309,0.002165057
wild_LINE,lineolatum,lineolatum,1.8021373548135173,2.8847493841300995,3.7209937283737045,0.9950559709986248,0.002466983
wild_LINE,lineolatum,lineolatum,2.1255086074139085,3.420362956511912,5.239808607266436,0.9984382845052859,0.00038206
wild_LINE,lineolatum,lineolatum,2.091332218418499,3.589732817442271,5.481644679930793,0.9983812,0.000242733
wild_LINE,lineolatum,lineolatum,1.699367620440845,2.6620508602275534,3.2876027249134925,0.9981534145145754,0.000200825
wild_LINE,lineolatum,lineolatum,2.266125853588427,3.8458329277218946,6.2698961937716255,0.9985845648690307,0.000709058